None,"20,922 mi.","$48,999",Good,Used
2014 Lexus GX 460 Luxury,"98,000 mi.","$28,900",Fair,Used
2014 Lexus GX 460 Luxury,"133,167 mi.","$24,744",Fair,Used
2014 Lexus GX 460 Base,"106,325 mi.","$27,995",Fair,Used
2014 Lexus GX 460 Base,"96,889 mi.","$29,995",Fair,Used
2014 Lexus GX 460 Base,"81,806 mi.","$25,045",Good,Used
2014 Lexus GX 460 Base,"156,390 mi.","$20,999",Good,Used
2014 Lexus GX 460 Base,"156,881 mi.","$20,999",None,Used
2014 Lexus GX 460 Base,"163,847 mi.","$19,999",Fair,Used
2014 Lexus GX 460 Base,"159,305 mi.","$22,350",Fair,Used
2014 Lexus GX 460 460,"175,163 mi.","$18,169",Good,Used
2014 Lexus GX 460 460,"120,483 mi.","$24,955",Fair,Used
2014 Lexus GX 460 Luxury,"72,571 mi.","$26,995",Good,Used
2014 Lexus GX 460 Base,"103,873 mi.","$21,991",Good,Used
2014 Lexus GX 460 Luxury,"170,995 mi.","$21,585",Good,Used
2014 Lexus GX 460 Base,"89,309 mi.","$29,495",Fair,Used
2014 Lexus GX 460 Base,"74,497 mi.","$31,294",Fair,Used
2014 Lexus GX 460 Base,"85,109 mi.","$23,999",Good,Used
2014 Lexus GX 460 Base,"126,561 mi.","$23,483",Fair,Used
2014 Lexus GX 460 Base,"149,811 mi.","$20,495",Good,Used
2014 Lexus GX 460 Base,"107,971 mi.","$23,978",Good,Used
2014 Lexus GX 460 Luxury,"137,141 mi.","$23,944",Fair,Used
2014 Lexus GX 460 Base,"155,698 mi.","$23,998",Fair,Used
2014 Lexus GX 460 LOADED,"88,928 mi.","$26,588",Fair,Used
2014 Lexus GX 460 Base,"88,314 mi.","$24,495",Fair,Used
2014 Lexus GX 460 4WD,"171,350 mi.","$19,995",Fair,Used
2014 Lexus GX 460 Base,"153,858 mi.","$26,999",None,Used
2014 Lexus GX 460 Base,"101,161 mi.","$23,495",Good,Used
2014 Lexus GX 460 Base,"106,988 mi.","$24,988",Fair,Used
2014 Lexus GX 460 GX 460 Sport Utility 4D,"132,421 mi.","$20,999",Good,Used
2014 Lexus GX 460 Base,"164,363 mi.","$21,064",Good,Used
2014 Lexus GX 460 Base,"135,219 mi.","$22,988",Fair,Used
2014 Lexus GX 460 Base,"112,359 mi.","$24,882",Fair,Used
2014 Lexus GX 460 Luxury,"164,096 mi.","$20,999",Fair,Used
2014 Lexus GX 460 4WD 4dr,"72,498 mi.","$24,995",Good,Used
2014 Lexus GX 460 Base,"116,662 mi.","$25,000",Fair,Used
2014 Lexus GX 460 460,"118,146 mi.","$21,995",Good,Used
2014 Lexus GX 460 4WD / PREMIUM / NAVIGATION,"92,701 mi.","$26,895",Fair,Used
2014 Lexus GX 460 Base,"112,520 mi.","$25,788",Fair,Used
2014 Lexus GX 460 Base,"155,141 mi.","$21,588",Good,Used
2014 Lexus GX 460 Luxury,"134,308 mi.","$23,895",Fair,Used
2014 Lexus GX 460 Base,"97,592 mi.","$21,899",Good,Used
2014 Lexus GX 460 Base,"140,243 mi.","$22,999",Fair,Used
2014 Lexus GX 460 Luxury,"105,824 mi.","$26,995",Fair,Used
2014 Lexus GX 460 Base,"175,802 mi.","$18,000",Fair,Used
2014 Lexus GX 460 Base,"106,981 mi.","$27,599",Fair,Used
2014 Lexus GX 460 Base,"57,669 mi.","$28,888",Fair,Used
2014 Lexus GX 460 Luxury,"117,079 mi.","$25,818",Fair,Used
2014 Lexus GX 460 Base AWD 4dr SUV,"112,595 mi.","$23,999",Fair,Used
2014 Lexus GX 460 Base,"129,477 mi.","$21,995",Good,Used
2014 Lexus GX 460 Base,"116,182 mi.","$24,753",Fair,Used
2014 Lexus GX 460 GX 460 Sport Utility 4D,"77,160 mi.","$25,699",Good,Used
2014 Lexus GX 460 Base,"176,070 mi.","$18,944",Good,Used
2014 Lexus GX 460 Luxury,"69,455 mi.","$27,096",Good,Used
2014 Lexus GX 460 Base,"138,769 mi.","$20,995",Good,Used
2014 Lexus GX 460 Base,"75,768 mi.","$26,499",Fair,Used
2014 Lexus GX 460 460,"69,396 mi.","$26,000",Good,Used
2014 Lexus GX 460 4WD 4dr,"154,464 mi.","$22,495",Fair,Used
2014 Lexus GX 460 GX 460 Sport Utility 4D,"98,534 mi.","$22,995",Good,Used
2014 Lexus GX 460 Base,"116,480 mi.","$23,987",Fair,Used
2014 Lexus GX 460 Base,"115,733 mi.","$23,850",Fair,Used
2014 Lexus GX 460 Base,"72,750 mi.","$25,890",Good,Used
2014 Lexus GX 460 Sport Utility,"77,527 mi.","$25,499",Good,Used
2014 Lexus GX 460 Base,"56,248 mi.","$29,999",Fair,Used
2014 Lexus GX 460 Luxury,"129,817 mi.","$23,995",Fair,Used
2014 Lexus GX 460 460,"68,816 mi.","$26,903",Fair,Used
2015 Lexus GX 460 Base,"125,035 mi.","$19,988",Good,Used
2015 Lexus GX 460 Base,"134,788 mi.","$23,500",Great,Used
2015 Lexus GX 460 460,"93,334 mi.","$24,500",Good,Used
2015 Lexus GX 460 Base AWD 4dr SUV,"176,052 mi.","$20,488",Good,Used
2015 Lexus GX 460 Base AWD 4dr SUV,"105,336 mi.","$24,990",Good,Used
2015 Lexus GX 460 Base,"93,076 mi.","$26,891",Good,Used
2015 Lexus GX 460 Base,"138,473 mi.","$19,990",Good,Used
2015 Lexus GX 460 Base,"151,694 mi.","$24,995",Fair,Used
2015 Lexus GX 460 Luxury,"135,383 mi.","$22,990",Good,Used
2015 Lexus GX 460 Base,"86,249 mi.","$24,998",Good,Used
2015 Lexus GX 460 460,"138,469 mi.","$24,995",Fair,Used
2015 Lexus GX 460 4WD 4dr,"94,170 mi.","$27,950",Good,Used
2015 Lexus GX 460 4WD 4dr,"101,007 mi.","$20,900",Good,Used
2015 Lexus GX 460 Luxury,"149,443 mi.","$20,974",Good,Used
2015 Lexus GX 460 460,"104,340 mi.","$27,000",Good,Used
2015 Lexus GX 460 Luxury,"101,103 mi.","$27,718",Good,Used
2015 Lexus GX 460 4WD 4dr,"86,586 mi.","$25,488",Good,Used
2015 Lexus GX 460 Base,"91,805 mi.","$24,998",Good,Used
2015 Lexus GX 460 GX 460 Sport Utility 4D,"118,303 mi.","$24,500",Good,Used
2015 Lexus GX 460 Base,"99,870 mi.","$24,995",Good,Used
2015 Lexus GX 460 Base,"109,491 mi.","$22,995",Good,Used
2015 Lexus GX 460 Base,"92,453 mi.","$25,989",Good,Used
2015 Lexus GX 460 Base,"68,209 mi.","$32,240",Fair,Used
2015 Lexus GX 460 Base,"139,507 mi.","$29,995",Fair,Used
2015 Lexus GX 460 Base,"122,637 mi.","$22,782",Good,Used
2015 Lexus GX 460 Base,"104,988 mi.","$29,888",Fair,Used
2015 Lexus GX 460 Luxury,"191,905 mi.","$20,650",Good,Used
2015 Lexus GX 460 Base,"86,917 mi.","$27,281",Good,Used
2015 Lexus GX 460 Base,"91,000 mi.","$28,200",Fair,Used
2015 Lexus GX 460 Base,"62,391 mi.","$29,995",Good,Used
2015 Lexus GX 460 Luxury,"85,754 mi.","$28,995",Good,Used
2015 Lexus GX 460,"139,557 mi.","$23,498",Good,Used
2015 Lexus GX 460 Luxury AWD 4dr SUV,"84,148 mi.","$29,756",Fair,Used
2015 Lexus GX 460 Luxury,"144,008 mi.","$21,999",Good,Used
2015 Lexus GX 460 Base,"80,166 mi.","$24,664",Good,Used
None,"28,743 mi.","$42,333",Good,Used
2015 Lexus GX 460 460,"141,756 mi.","$21,700",Good,Used
2015 Lexus GX 460 Luxury,"73,500 mi.","$30,274",Good,Used
2015 Lexus GX 460 460,"128,583 mi.","$21,174",Good,Used
2015 Lexus GX 460 Luxury,"94,541 mi.","$29,334",Good,Used
2015 Lexus GX 460 Base,"120,000 mi.","$22,995",Good,Used
2015 Lexus GX 460 Luxury,"111,336 mi.","$26,998",Fair,Used
2015 Lexus GX 460 Base,"90,850 mi.","$29,991",Fair,Used
2015 Lexus GX 460 Sport,"123,342 mi.","$22,990",Good,Used
2015 Lexus GX 460 Base,"138,118 mi.","$25,990",Good,Used
2015 Lexus GX 460 Base,"90,871 mi.","$24,995",Good,Used
2015 Lexus GX 460 Base,"67,500 mi.","$28,200",Good,Used
2015 Lexus GX 460 Luxury,"136,138 mi.","$22,999",Good,Used
2015 Lexus GX 460 Luxury,"113,020 mi.","$25,990",Good,Used
2015 Lexus GX 460 Luxury,"62,779 mi.","$33,990",Fair,Used
2015 Lexus GX 460 Luxury,"128,242 mi.","$23,999",Good,Used
2015 Lexus GX 460 Base,"165,198 mi.","$19,777",Good,Used
2015 Lexus GX 460 Base,"165,282 mi.","$18,500",Fair,Used
2015 Lexus GX 460 Luxury,"95,696 mi.","$25,570",Good,Used
2015 Lexus GX 460 460,"117,697 mi.","$22,948",Fair,Used
2015 Lexus GX 460 Base,"171,747 mi.","$23,777",Fair,Used
2015 Lexus GX 460 Base AWD 4dr SUV,"131,400 mi.","$21,988",Good,Used
2015 Lexus GX 460 Luxury,"77,985 mi.","$28,599",Good,Used
2015 Lexus GX 460 GX 460 Sport Utility 4D,"106,099 mi.","$22,903",Good,Used
2015 Lexus GX 460 Base,"79,762 mi.","$25,998",Great,Used
2015 Lexus GX 460 460,"92,185 mi.","$26,418",Good,Used
2015 Lexus GX 460 Base,"115,000 mi.","$21,995",Fair,Used
2015 Lexus GX 460 Base,"101,153 mi.","$24,995",Good,Used
2015 Lexus GX 460 Luxury,"110,362 mi.","$23,507",Good,Used
2015 Lexus GX 460 Base,"141,000 mi.","$23,499",Fair,Used
2015 Lexus GX 460 460,"132,628 mi.","$18,995",Great,Used
2015 Lexus GX 460 Base,"135,390 mi.","$25,900",Good,Used
2015 Lexus GX 460 Base,"97,908 mi.","$24,500",Good,Used
2015 Lexus GX 460 Base,"165,000 mi.","$19,999",Great,Used
2016 Lexus GX 460,"94,869 mi.","$27,497",Good,Used
2016 Lexus GX 460 Base,"86,562 mi.","$26,700",Good,Used
2016 Lexus GX 460 Base,"56,263 mi.","$26,700",Great,Used
2016 Lexus GX 460 Base,"95,198 mi.","$25,994",Good,Used
2016 Lexus GX 460 Luxury,"80,782 mi.","$29,998",Good,Used
2016 Lexus GX 460 Base,"151,503 mi.","$23,295",Good,Used
2016 Lexus GX 460 460,"45,840 mi.","$32,595",Good,Used
2016 Lexus GX 460 Luxury,"83,921 mi.","$28,998",Good,Used
2016 Lexus GX 460 Base,"98,668 mi.","$27,008",Good,Used
2016 Lexus GX 460 Base,"75,304 mi.","$28,965",Good,Used
2016 Lexus GX 460,"168,551 mi.","$22,995",Good,Used
2016 Lexus GX 460 Base,"58,957 mi.","$29,999",Good,Used
2016 Lexus GX 460 Luxury,"82,595 mi.","$27,562",Great,Used
2016 Lexus GX 460 Base,"171,947 mi.","$23,397",Fair,Used
2016 Lexus GX 460 460,"106,649 mi.","$22,412",Good,Used
2016 Lexus GX 460 Base,"105,560 mi.","$26,290",Good,Used
2016 Lexus GX 460 Luxury,"67,564 mi.","$31,841",Good,Used
2016 Lexus GX 460 Base,"73,094 mi.","$22,500",Great,Used
2016 Lexus GX 460 Base AWD 4dr SUV,"80,029 mi.","$25,250",Good,Used
2016 Lexus GX 460 Base,"94,073 mi.","$24,995",Good,Used
2016 Lexus GX 460 Base,"65,800 mi.","$28,400",Great,Used
2016 Lexus GX 460 Base,"104,023 mi.","$26,745",Great,Used
2016 Lexus GX 460,"79,037 mi.","$30,000",Great,Used
2016 Lexus GX 460 460,"87,965 mi.","$25,555",Good,Used
2016 Lexus GX 460 Base,"51,469 mi.","$30,140",Great,Used
2016 Lexus GX 460 GX 460 Sport Utility 4D,"79,360 mi.","$25,995",Good,Used
2016 Lexus GX 460,"100,019 mi.","$25,995",Great,Used
2016 Lexus GX 460 Luxury,"86,162 mi.","$28,490",Great,Used
2016 Lexus GX 460 Luxury,"118,424 mi.","$25,555",Good,Used
2016 Lexus GX 460 Base,"152,761 mi.","$19,997",Good,Used
2016 Lexus GX 460 Base,"100,331 mi.","$25,990",Good,Used
2016 Lexus GX 460 Base,"106,459 mi.","$23,995",Good,Used
2016 Lexus GX 460 460,"74,827 mi.","$27,568",Great,Used
2016 Lexus GX 460 Base,"78,783 mi.","$27,999",Good,Used
2016 Lexus GX 460 Base,"87,448 mi.","$28,829",Good,Used
2016 Lexus GX 460 GX 460 Sport Utility 4D,"70,193 mi.","$29,995",Good,Used
2016 Lexus GX 460 Base,"81,559 mi.","$29,998",Good,Used
2016 Lexus GX 460 Luxury,"79,650 mi.","$24,991",Fair,Used
2016 Lexus GX 460 Base,"113,464 mi.","$25,900",Good,Used
2016 Lexus GX 460 460,"128,288 mi.","$24,285",Good,Used
2016 Lexus GX 460 Base,"83,113 mi.","$29,950",Fair,Used
2016 Lexus GX 460 Base,"89,804 mi.","$22,979",Great,Used
2016 Lexus GX 460 4WD 4dr,"111,817 mi.","$21,490",Good,Used
2016 Lexus GX 460 Base,"94,076 mi.","$28,250",Good,Used
2016 Lexus GX 460 Base,"135,875 mi.","$24,627",Good,Used
2016 Lexus GX 460 Luxury,"84,411 mi.","$30,495",Good,Used
2016 Lexus GX 460 Luxury,"86,809 mi.","$27,000",Good,Used
2016 Lexus GX 460 Base,"73,381 mi.","$27,998",Good,Used
2016 Lexus GX 460 Base,"56,463 mi.","$31,559",Good,Used
2016 Lexus GX 460 Base,"74,944 mi.","$25,499",Good,Used
2016 Lexus GX 460 Luxury,"57,259 mi.","$29,991",Great,Used
2016 Lexus GX 460 Base,"115,521 mi.","$24,888",Good,Used
2016 Lexus GX 460 Base (A6),"140,551 mi.","$22,885",Good,Used
2016 Lexus GX 460 Base,"135,720 mi.","$20,495",Good,Used
2016 Lexus GX 460 Base,"42,000 mi.","$33,777",Good,Used
2016 Lexus GX 460 Base,"54,048 mi.","$21,999",None,Used
2017 Lexus GX 460 Base,"65,631 mi.","$32,590",Good,Used
2017 Lexus GX 460 Base,"105,310 mi.","$24,000",Good,Used
2017 Lexus GX 460 Base,"81,088 mi.","$28,982",Good,Used
2017 Lexus GX 460 Luxury,"145,832 mi.","$24,699",Good,Used
2017 Lexus GX 460 Luxury,"118,127 mi.","$35,995",Fair,Used
2017 Lexus GX 460 460,"60,042 mi.","$37,781",Fair,Used
2017 Lexus GX 460 Luxury,"89,957 mi.","$30,987",Good,Used
2017 Lexus GX 460 Base,"85,033 mi.","$29,663",Good,Used
2017 Lexus GX 460 Base,"133,190 mi.","$24,400",Good,Used
2017 Lexus GX 460 Luxury,"91,031 mi.","$30,000",Good,Used
2017 Lexus GX 460 GX 460 4WD,"85,278 mi.","$28,995",Good,Used
None,"51,562 mi.","$36,497",Good,Used
2017 Lexus GX 460 Base,"91,510 mi.","$29,995",Good,Used
2017 Lexus GX 460 GX 460,"133,990 mi.","$23,668",Great,Used
2017 Lexus GX 460 Base,"81,549 mi.","$28,393",Great,Used
2017 Lexus GX 460 Base,"84,108 mi.","$29,995",Good,Used
2017 Lexus GX 460 Base,"60,402 mi.","$31,995",Good,Used
2017 Lexus GX 460 460,"95,442 mi.","$24,995",Good,Used
2017 Lexus GX 460 Luxury,"105,690 mi.","$27,994",Good,Used
2017 Lexus GX 460 Base,"82,370 mi.","$25,499",Good,Used
2017 Lexus GX 460 Base,"97,067 mi.","$26,879",Good,Used
2017 Lexus GX 460 GX 460 Sport Utility 4D,"97,898 mi.","$26,990",Good,Used
2017 Lexus GX 460 GX 460,"98,226 mi.","$29,980",Good,Used
2017 Lexus GX 460 Base,"80,873 mi.","$30,277",Great,Used
2017 Lexus GX 460 Base,"52,054 mi.","$31,000",Good,Used
2017 Lexus GX 460 Base,"90,168 mi.","$29,998",Good,Used
2017 Lexus GX 460 Base,"64,438 mi.","$31,884",Good,Used
2017 Lexus GX 460 Base,"59,582 mi.","$31,500",Good,Used
2017 Lexus GX 460 Base,"76,062 mi.","$32,901",Good,Used
2017 Lexus GX 460 Base,"107,687 mi.","$27,998",Good,Used
2017 Lexus GX 460 Base,"62,983 mi.","$33,990",Good,Used
2017 Lexus GX 460 460,"84,248 mi.","$28,000",Great,Used
2017 Lexus GX 460 460,"70,041 mi.","$30,993",Good,Used
2017 Lexus GX 460 460,"89,177 mi.","$29,999",Good,Used
2017 Lexus GX 460 Base,"78,749 mi.","$29,978",Great,Used
2017 Lexus GX 460 Base,"85,539 mi.","$26,999",Good,Used
2017 Lexus GX 460 Base,"79,648 mi.","$28,549",Good,Used
2017 Lexus GX 460 460,"95,801 mi.","$24,372",Great,Used
2017 Lexus GX 460 Base,"73,959 mi.","$34,999",Fair,Used
2017 Lexus GX 460 Luxury,"115,837 mi.","$27,995",Good,Used
2017 Lexus GX 460 GX 460 4WD,"191,119 mi.","$22,495",Fair,Used
2017 Lexus GX 460 Luxury,"57,958 mi.","$34,991",Good,Used
2017 Lexus GX 460 460,"131,522 mi.","$25,995",Good,Used
2017 Lexus GX 460 Base,"100,506 mi.","$26,998",Good,Used
2017 Lexus GX 460 460 Luxury,"107,300 mi.","$26,317",Good,Used
2017 Lexus GX 460 Base,"88,676 mi.","$24,899",Good,Used
2017 Lexus GX 460 Base,"62,133 mi.","$31,998",Good,Used
2017 Lexus GX 460 Base,"73,702 mi.","$29,590",Good,Used
2017 Lexus GX 460 Base,"94,745 mi.","$26,999",Good,Used
2017 Lexus GX 460 Base,"91,880 mi.","$28,691",Good,Used
2017 Lexus GX 460 GX 460 Sport Utility 4D,"96,256 mi.","$30,900",Good,Used
2017 Lexus GX 460 Base,"81,745 mi.","$28,599",Good,Used
2017 Lexus GX 460 Base,"54,439 mi.","$30,500",Great,Used
2017 Lexus GX 460 Base,"67,635 mi.","$27,998",Great,Used
2017 Lexus GX 460 GX 460,"66,937 mi.","$32,950",Good,Used
2017 Lexus GX 460 460,"65,731 mi.","$29,799",Good,Used
2017 Lexus GX 460 Base,"61,876 mi.","$33,998",Good,Used
2017 Lexus GX 460 Base,"100,971 mi.","$28,800",Good,Used
2017 Lexus GX 460 Base,"126,808 mi.","$29,896",Fair,Used
2017 Lexus GX 460 Base,"143,991 mi.","$23,499",Good,Used
2017 Lexus GX 460 Base,"81,253 mi.","$30,590",Great,Used
2017 Lexus GX 460 Base,"93,297 mi.","$29,998",Good,Used
2017 Lexus GX 460 Base,"85,537 mi.","$28,998",Good,Used
2017 Lexus GX 460 GX 460,"52,157 mi.","$29,500",Good,Used
2017 Lexus GX 460 Base,"98,056 mi.","$28,898",Good,Used
2017 Lexus GX 460 Base,"78,377 mi.","$30,988",Good,Used
2017 Lexus GX 460 460,"103,223 mi.","$24,598",Good,Used
2017 Lexus GX 460 460,"85,867 mi.","$27,495",Good,Used
2017 Lexus GX 460 Base,"88,036 mi.","$30,995",Good,Used
2017 Lexus GX 460 460,"60,074 mi.","$29,998",Good,Used
2017 Lexus GX 460 Base,"72,986 mi.","$29,575",Good,Used
2017 Lexus GX 460 Base AWD 4dr SUV,"96,347 mi.","$28,995",Good,Used
2017 Lexus GX 460 Luxury,"109,819 mi.","$29,851",Good,Used
2017 Lexus GX 460 Base,"76,080 mi.","$31,998",Good,Used
2017 Lexus GX 460 460,"90,433 mi.","$27,500",Fair,Used
2017 Lexus GX 460 460,"68,991 mi.","$31,995",Good,Used
2017 Lexus GX 460 460,"114,452 mi.","$22,744",Good,Used
2017 Lexus GX 460 GX 460,"48,927 mi.","$27,995",Good,Used
2017 Lexus GX 460 Base,"47,083 mi.","$32,800",Good,Used
2017 Lexus GX 460 460,"70,717 mi.","$33,874",Fair,Used
2017 Lexus GX 460 460,"70,653 mi.","$22,997",Good,Used
2017 Lexus GX 460 Base,"68,073 mi.","$29,800",Good,Used
2017 Lexus GX 460 Base,"79,787 mi.","$31,998",Good,Used
2017 Lexus GX 460 Base,"44,568 mi.","$32,350",Good,Used
2017 Lexus GX 460 Base,"60,400 mi.","$24,499",Great,Used
2017 Lexus GX 460 Luxury,"94,692 mi.","$27,999",None,Used
2017 Lexus GX 460 Base,"104,418 mi.","$26,987",Great,Used
2018 Lexus GX 460 Luxury,"68,440 mi.","$36,000",Good,Used
2018 Lexus GX 460 460,"80,311 mi.","$29,500",Good,Used
2018 Lexus GX 460 Base,"90,816 mi.","$30,990",Good,Used
2018 Lexus GX 460 Base,"42,711 mi.","$33,895",Good,Used
2018 Lexus GX 460 Base,"108,760 mi.","$27,555",Good,Used
2018 Lexus GX 460 Luxury,"51,034 mi.","$36,991",Good,Used
2018 Lexus GX 460 Base,"37,118 mi.","$37,995",Great,Used
2018 Lexus GX 460 GX 460,"28,529 mi.","$39,989",Good,Used
2018 Lexus GX 460 Base,"85,401 mi.","$30,595",Good,Used
2018 Lexus GX 460 460,"52,830 mi.","$36,995",Good,Used
2018 Lexus GX 460 460,"19,302 mi.","$43,995",Good,Used
2018 Lexus GX 460 Base,"41,042 mi.","$32,446",Great,Used
2018 Lexus GX 460 Base,"90,811 mi.","$29,988",Good,Used
2018 Lexus GX 460 Luxury,"78,891 mi.","$32,820",Good,Used
2018 Lexus GX 460 Base,"119,030 mi.","$24,297",Great,Used
2018 Lexus GX 460 Base,"107,622 mi.","$27,331",Great,Used
2018 Lexus GX 460 Base,"114,195 mi.","$28,197",Good,Used
2018 Lexus GX 460 Luxury,"43,180 mi.","$36,990",Great,Used
2018 Lexus GX 460 Base,"75,714 mi.","$29,988",Good,Used
2018 Lexus GX 460 Base,"61,171 mi.","$31,990",Good,Used
2018 Lexus GX 460 Luxury,"63,773 mi.","$39,998",Good,Used
2018 Lexus GX 460 Base,"74,959 mi.","$31,988",Fair,Used
2018 Lexus GX 460 Luxury,"113,702 mi.","$26,999",Good,Used
2018 Lexus GX 460 Premium,"88,110 mi.","$29,905",Good,Used
2018 Lexus GX 460 Luxury,"95,667 mi.","$30,684",Good,Used
None,"51,562 mi.","$36,497",Good,Used
2018 Lexus GX 460 Luxury,"85,873 mi.","$36,000",Good,Used
2018 Lexus GX 460 Base,"85,474 mi.","$31,671",Good,Used
2018 Lexus GX 460 Luxury,"44,205 mi.","$38,880",Good,Used
2018 Lexus GX 460 Base,"73,021 mi.","$31,499",Good,Used
2018 Lexus GX 460 Base,"58,593 mi.","$33,943",Good,Used
2018 Lexus GX 460 Premium 4WD,"68,328 mi.","$33,995",Good,Used
2018 Lexus GX 460 Base,"44,764 mi.","$34,089",Good,Used
2018 Lexus GX 460 GX 460,"50,286 mi.","$30,900",Great,Used
2018 Lexus GX 460 Base,"88,419 mi.","$30,990",Good,Used
2018 Lexus GX 460 Base,"41,630 mi.","$34,306",Good,Used
2018 Lexus GX 460 460,"88,104 mi.","$30,700",Good,Used
2018 Lexus GX 460 Base,"96,753 mi.","$28,955",Good,Used
2018 Lexus GX 460 Base,"81,479 mi.","$30,950",Good,Used
2018 Lexus GX 460,"61,734 mi.","$35,000",Good,Used
2018 Lexus GX 460 Luxury,"42,148 mi.","$38,700",Good,Used
2018 Lexus GX 460 Premium,"47,700 mi.","$30,795",Great,Used
2018 Lexus GX 460 Luxury,"72,555 mi.","$34,000",Good,Used
2018 Lexus GX 460 460,"47,801 mi.","$40,988",Fair,Used
2018 Lexus GX 460 460,"62,510 mi.","$33,994",Good,Used
2018 Lexus GX 460 Base,"89,939 mi.","$27,785",Good,Used
2018 Lexus GX 460 Base,"61,455 mi.","$31,920",Good,Used
2018 Lexus GX 460 Base,"79,138 mi.","$33,493",Good,Used
2018 Lexus GX 460 Base,"100,961 mi.","$28,527",Good,Used
2018 Lexus GX 460 Luxury,"91,583 mi.","$34,988",Fair,Used
2018 Lexus GX 460 460,"70,062 mi.","$32,288",Good,Used
2018 Lexus GX 460 460,"79,616 mi.","$30,490",Good,Used
2018 Lexus GX 460 Base,"65,960 mi.","$33,998",Good,Used
2018 Lexus GX 460 460,"70,499 mi.","$34,500",Good,Used
2018 Lexus GX 460 Base,"94,999 mi.","$32,997",Fair,Used
2018 Lexus GX 460 Base,"125,652 mi.","$25,995",Good,Used
2018 Lexus GX 460 Premium,"58,626 mi.","$30,700",Great,Used
2018 Lexus GX 460 Base,"116,096 mi.","$27,988",Good,Used
2018 Lexus GX 460 GX 460 4WD,"66,436 mi.","$33,998",Good,Used
2018 Lexus GX 460 Luxury,"106,680 mi.","$31,991",Good,Used
2018 Lexus GX 460 Base,"107,039 mi.","$26,897",Good,Used
2018 Lexus GX 460 Base,"77,976 mi.","$30,995",Good,Used
2018 Lexus GX 460 Luxury,"75,376 mi.","$34,998",Good,Used
2018 Lexus GX 460 460,"74,553 mi.","$33,999",Good,Used
2018 Lexus GX 460 460,"53,166 mi.","$35,471",Fair,Used
2018 Lexus GX 460 Base,"96,531 mi.","$26,516",Good,Used
2018 Lexus GX 460 Base,"65,661 mi.","$34,986",Good,Used
2018 Lexus GX 460 GX 460,"93,274 mi.","$30,798",Good,Used
2018 Lexus GX 460 GX 460 Premium,"77,723 mi.","$29,900",Good,Used
2018 Lexus GX 460 Base,"55,898 mi.","$29,900",Great,Used
2018 Lexus GX 460 Base,"58,822 mi.","$32,900",Good,Used
2018 Lexus GX 460 GX 460 Premium 4WD,"111,071 mi.","$28,999",Good,Used
2018 Lexus GX 460 GX 460 Sport Utility 4D,"76,681 mi.","$30,885",None,Used
2018 Lexus GX 460 Base,"56,417 mi.","$33,738",Good,Used
2018 Lexus GX 460 Base,"62,537 mi.","$34,998",Good,Used
2018 Lexus GX 460 Base,"56,718 mi.","$36,595",Good,Used
2018 Lexus GX 460 Luxury,"76,359 mi.","$33,899",Good,Used
2018 Lexus GX 460 Base,"56,412 mi.","$32,995",Good,Used
2018 Lexus GX 460 Base,"56,450 mi.","$31,500",Good,Used
2018 Lexus GX 460 Base,"47,660 mi.","$33,055",Good,Used
2018 Lexus GX 460 Base,"94,549 mi.","$30,287",Good,Used
2018 Lexus GX 460 Luxury,"83,531 mi.","$38,775",Good,Used
2018 Lexus GX 460 Base,"51,359 mi.","$32,995",Great,Used
2018 Lexus GX 460 Luxury,"78,119 mi.","$34,499",Good,Used
2018 Lexus GX 460 Base,"59,154 mi.","$35,680",Good,Used
2018 Lexus GX 460 GX 460,"77,861 mi.","$32,995",Good,Used
2018 Lexus GX 460 Base,"57,957 mi.","$31,549",Good,Used
2018 Lexus GX 460 Premium,"38,500 mi.","$32,995",Great,Used
2018 Lexus GX 460 460,"56,187 mi.","$34,988",Fair,Used
2018 Lexus GX 460 460,"53,640 mi.","$32,950",Good,Used
2018 Lexus GX 460 Base,"95,249 mi.","$30,975",Good,Used
2018 Lexus GX 460 Luxury,"46,997 mi.","$39,881",Good,Used
2018 Lexus GX 460 460,"63,990 mi.","$32,526",Good,Used
2018 Lexus GX 460 Base,"51,578 mi.","$32,900",Good,Used
2018 Lexus GX 460 Luxury,"86,033 mi.","$32,999",Good,Used
2018 Lexus GX 460 Luxury,"85,770 mi.","$33,850",Good,Used
2018 Lexus GX 460 GX 460,"73,655 mi.","$31,899",Good,Used
2018 Lexus GX 460 Base,"77,298 mi.","$31,888",Good,Used
2019 Lexus GX 460 Base,"62,105 mi.","$35,995",Good,Used
2019 Lexus GX 460 Base,"93,770 mi.","$33,794",Fair,Used
2019 Lexus GX 460 Base,"58,900 mi.","$33,966",Good,Used
2019 Lexus GX 460 Base,"59,132 mi.","$43,800",Fair,Used
2019 Lexus GX 460 460,"39,699 mi.","$39,500",Good,Used
2019 Lexus GX 460 Luxury,"55,468 mi.","$39,640",Good,Used
2019 Lexus GX 460 Premium,"30,000 mi.","$43,995",Good,Used
2019 Lexus GX 460 Base,"86,913 mi.","$33,900",Fair,Used
2019 Lexus GX 460 Base,"107,647 mi.","$29,400",Good,Used
2019 Lexus GX 460 Base,"51,562 mi.","$36,497",Good,Used
2019 Lexus GX 460 Base,"59,550 mi.","$32,820",Great,Used
2019 Lexus GX 460 Premium,"90,163 mi.","$30,080",Great,Used
2019 Lexus GX 460 Luxury,"41,137 mi.","$40,977",Good,Used
2019 Lexus GX 460 Luxury,"61,113 mi.","$39,991",Good,Used
2019 Lexus GX 460 Base,"95,713 mi.","$27,999",Good,Used
2019 Lexus GX 460 Luxury,"51,618 mi.","$40,677",Good,Used
2019 Lexus GX 460 Base,"80,779 mi.","$34,995",Good,Used
2019 Lexus GX 460 Luxury,"48,789 mi.","$43,999",Good,Used
2019 Lexus GX 460 Base,"53,661 mi.","$32,458",Good,Used
2019 Lexus GX 460 Base,"53,195 mi.","$37,341",Good,Used
2019 Lexus GX 460 Base,"34,778 mi.","$39,000",None,Used
2019 Lexus GX 460 Base,"48,044 mi.","$37,898",Good,Used
2019 Lexus GX 460 Base,"104,516 mi.","$27,990",Great,Used
2019 Lexus GX 460 Luxury,"55,076 mi.","$37,985",Good,Used
2019 Lexus GX 460 Base,"46,472 mi.","$35,499",Good,Used
2019 Lexus GX 460 Base,"54,734 mi.","$34,886",Good,Used
2019 Lexus GX 460 Premium,"55,029 mi.","$34,995",Good,Used
2019 Lexus GX 460 Base,"59,755 mi.","$34,695",Good,Used
None,"2,551 mi.","$61,369",Good,Used
2019 Lexus GX 460 Base,"62,156 mi.","$36,200",Good,Used
2019 Lexus GX 460 Premium,"33,042 mi.","$38,488",Good,Used
2019 Lexus GX 460 Luxury,"50,260 mi.","$42,888",Fair,Used
2019 Lexus GX 460 Base,"48,847 mi.","$37,000",Fair,Used
2019 Lexus GX 460 Base,"34,782 mi.","$37,153",Good,Used
2019 Lexus GX 460 Base,"42,442 mi.","$37,299",Good,Used
2019 Lexus GX 460 Base,"47,011 mi.","$38,429",Good,Used
2019 Lexus GX 460 Base,"13,422 mi.","$41,998",Good,Used
2019 Lexus GX 460 Base,"27,636 mi.","$38,998",Good,Used
2019 Lexus GX 460 Base,"29,050 mi.","$36,620",Fair,Used
2019 Lexus GX 460 GX 460 Premium,"38,587 mi.","$40,000",Good,Used
2019 Lexus GX 460 Base,"64,369 mi.","$35,888",Good,Used
2019 Lexus GX 460 Base,"36,683 mi.","$37,651",Good,Used
2019 Lexus GX 460 Base,"92,797 mi.","$29,373",Great,Used
2019 Lexus GX 460 Luxury,"45,187 mi.","$40,678",Fair,Used
2019 Lexus GX 460 Premium,"62,827 mi.","$36,700",Good,Used
2019 Lexus GX 460 Base,"82,211 mi.","$32,595",Good,Used
2019 Lexus GX 460 Base,"79,675 mi.","$31,748",Good,Used
2019 Lexus GX 460 460,"39,854 mi.","$38,729",Good,Used
2019 Lexus GX 460 Base,"44,418 mi.","$33,999",Good,Used
2019 Lexus GX 460 Base,"37,982 mi.","$35,000",Good,Used
2019 Lexus GX 460 Premium,"67,896 mi.","$34,943",Fair,Used
2019 Lexus GX 460 Base,"125,384 mi.","$30,880",Fair,Used
2019 Lexus GX 460 Base,"46,322 mi.","$33,999",Great,Used
2019 Lexus GX 460 Luxury,"48,800 mi.","$39,950",Good,Used
2019 Lexus GX 460 Luxury,"76,037 mi.","$36,312",Good,Used
2019 Lexus GX 460 Premium,"50,370 mi.","$35,000",Good,Used
2019 Lexus GX 460 Premium,"52,728 mi.","$35,995",Good,Used
2019 Lexus GX 460 Premium,"60,130 mi.","$35,239",Good,Used
2019 Lexus GX 460 Base,"41,806 mi.","$36,929",Good,Used
2019 Lexus GX 460 Luxury,"55,277 mi.","$41,771",Good,Used
2019 Lexus GX 460 Premium,"59,555 mi.","$33,589",Good,Used
2019 Lexus GX 460 Base,"89,330 mi.","$36,388",Fair,Used
2019 Lexus GX 460 Base,"78,975 mi.","$30,995",Good,Used
2019 Lexus GX 460 Base,"81,135 mi.","$32,299",Good,Used
2019 Lexus GX 460 Luxury,"84,899 mi.","$36,997",Good,Used
2019 Lexus GX 460 Base,"56,670 mi.","$33,100",Good,Used
2019 Lexus GX 460 Base,"27,452 mi.","$40,988",Good,Used
2019 Lexus GX 460 Premium,"53,664 mi.","$36,490",Good,Used
2019 Lexus GX 460 Base,"65,779 mi.","$33,497",Good,Used
2019 Lexus GX 460 Base,"62,155 mi.","$34,880",Fair,Used
2019 Lexus GX 460 Luxury,"31,723 mi.","$47,595",Fair,Used
2019 Lexus GX 460 Base,"82,432 mi.","$30,977",Good,Used
2019 Lexus GX 460 Base,"77,444 mi.","$37,662",Fair,Used
2019 Lexus GX 460 Base,"59,887 mi.","$33,888",Good,Used
2019 Lexus GX 460 Base,"30,945 mi.","$39,998",Good,Used
2019 Lexus GX 460 Luxury,"72,833 mi.","$37,826",Good,Used
2019 Lexus GX 460 Premium,"54,638 mi.","$32,000",Good,Used
2019 Lexus GX 460 Premium,"85,379 mi.","$29,780",Good,Used
2019 Lexus GX 460 Base,"105,626 mi.","$28,786",Good,Used
2019 Lexus GX 460 460,"54,396 mi.","$34,999",Good,Used
2019 Lexus GX 460 Base,"52,866 mi.","$34,589",Good,Used
2019 Lexus GX 460 Base,"36,976 mi.","$38,944",Good,Used
2019 Lexus GX 460 Base,"50,734 mi.","$35,300",Good,Used
2019 Lexus GX 460 Premium,"42,532 mi.","$37,990",Good,Used
2019 Lexus GX 460 Base,"24,088 mi.","$41,995",Good,Used
2019 Lexus GX 460 Base,"63,505 mi.","$34,287",Good,Used
2019 Lexus GX 460 Base,"64,252 mi.","$34,400",Good,Used
2019 Lexus GX 460 Premium,"80,562 mi.","$27,499",Good,Used
2019 Lexus GX 460 Luxury,"65,204 mi.","$39,658",Good,Used
2019 Lexus GX 460 Luxury,"34,346 mi.","$39,299",Good,Used
2019 Lexus GX 460 Base,"57,814 mi.","$36,402",Good,Used
2019 Lexus GX 460,"26,267 mi.","$39,905",Good,Used
2019 Lexus GX 460 Base,"73,206 mi.","$31,490",Good,Used
2019 Lexus GX 460 Luxury,"52,090 mi.","$38,600",Good,Used
2019 Lexus GX 460 Premium,"112,738 mi.","$28,980",Good,Used
2019 Lexus GX 460 Base,"30,230 mi.","$37,888",Good,Used
2019 Lexus GX 460 Base,"44,419 mi.","$37,999",Good,Used
2019 Lexus GX 460 Premium,"51,726 mi.","$38,495",Good,Used
2019 Lexus GX 460 Luxury,"69,000 mi.","$38,000",Good,Used
2019 Lexus GX 460 Base,"97,108 mi.","$31,499",Good,Used
2019 Lexus GX 460 Base,"42,938 mi.","$32,899",Great,Used
2019 Lexus GX 460 Luxury,"82,300 mi.","$36,553",Good,Used
2019 Lexus GX 460 Base,"44,197 mi.","$37,499",Good,Used
2019 Lexus GX 460 Luxury,"78,783 mi.","$36,000",Good,Used
2019 Lexus GX 460 Premium,"35,364 mi.","$38,990",Good,Used
2019 Lexus GX 460 Luxury,"31,191 mi.","$49,999",Fair,Certified
2019 Lexus GX 460 Premium,"18,606 mi.","$42,998",Good,Used
2019 Lexus GX 460 Base,"59,643 mi.","$36,998",Good,Used
2019 Lexus GX 460 Base,"58,862 mi.","$34,743",Good,Used
2019 Lexus GX 460 Base,"45,058 mi.","$34,800",Great,Used
2019 Lexus GX 460 Base,"51,619 mi.","$37,985",Good,Used
2019 Lexus GX 460 Base,"66,965 mi.","$36,821",Good,Used
2019 Lexus GX 460 Base,"44,892 mi.","$39,990",Good,Used
2019 Lexus GX 460 Base,"80,302 mi.","$32,998",Good,Used
2019 Lexus GX 460 Base,"59,675 mi.","$37,225",Good,Used
2019 Lexus GX 460 Base,"28,932 mi.","$37,092",Good,Used
2019 Lexus GX 460 GX 460 4WD w/Roof,"131,835 mi.","$30,000",Fair,Used
2019 Lexus GX 460 Base,"87,103 mi.","$32,490",Good,Used
2019 Lexus GX 460 Base,"33,560 mi.","$38,903",Good,Used
2019 Lexus GX 460 Base,"33,431 mi.","$37,021",Good,Used
2019 Lexus GX 460 Premium,"55,305 mi.","$31,449",Good,Used
2019 Lexus GX 460 Base,"51,546 mi.","$34,500",Fair,Used
2019 Lexus GX 460 Base,"64,476 mi.","$34,230",Good,Used
2019 Lexus GX 460 Base,"67,756 mi.","$31,000",Good,Used
2019 Lexus GX 460 Base,"62,253 mi.","$32,990",Good,Used
2019 Lexus GX 460 Luxury,"62,386 mi.","$36,958",Good,Used
2019 Lexus GX 460 Base AWD 4dr SUV,"38,130 mi.","$41,995",Fair,Used
2019 Lexus GX 460 Base,"22,916 mi.","$40,995",Good,Used
2019 Lexus GX 460 460,"72,301 mi.","$35,598",Good,Used
None,"25,030 mi.","$44,687",Good,Used
2019 Lexus GX 460 460,"95,367 mi.","$32,947",Good,Used
2019 Lexus GX 460 Luxury,"64,365 mi.","$38,500",Good,Used
2019 Lexus GX 460 Luxury,"67,793 mi.","$39,998",Good,Used
2019 Lexus GX 460 Base,"88,630 mi.","$32,072",Good,Used
2019 Lexus GX 460 Luxury,"69,339 mi.","$34,998",Good,Used
2019 Lexus GX 460 Base,"73,056 mi.","$31,800",Great,Used
2019 Lexus GX 460 Base,"77,751 mi.","$36,995",Good,Used
2019 Lexus GX 460 Base,"82,279 mi.","$35,306",Good,Used
2019 Lexus GX 460 Base,"30,118 mi.","$37,998",Good,Used
2019 Lexus GX 460 Luxury,"40,193 mi.","$44,998",Fair,Used
2019 Lexus GX 460 Premium,"74,588 mi.","$41,330",Good,Used
2019 Lexus GX 460 Base,"46,277 mi.","$41,499",Fair,Used
2019 Lexus GX 460 Base,"40,582 mi.","$40,098",Fair,Used
2019 Lexus GX 460 Premium,"61,898 mi.","$33,552",Good,Used
2019 Lexus GX 460 GX 460 Premium 4WD,"34,527 mi.","$44,980",Fair,Used
2019 Lexus GX 460 Base,"42,114 mi.","$40,699",Good,Used
2019 Lexus GX 460 Premium,"89,365 mi.","$33,844",Good,Used
2019 Lexus GX 460 Base,"72,288 mi.","$33,995",Good,Used
2019 Lexus GX 460 Luxury,"50,030 mi.","$35,995",Good,Used
2019 Lexus GX 460 Base,40 mi.,"$36,988",None,Used
2020 Lexus GX 460 Luxury,"67,697 mi.","$42,000",Good,Used
2020 Lexus GX 460 Luxury,"63,065 mi.","$48,950",Fair,Used
2020 Lexus GX 460 Premium,"27,493 mi.","$44,989",Good,Used
2020 Lexus GX 460 Base,"48,102 mi.","$43,210",Good,Used
2020 Lexus GX 460 Luxury,"26,766 mi.","$43,000",Great,Used
2020 Lexus GX 460 Premium,"68,021 mi.","$37,732",Fair,Used
2020 Lexus GX 460 Luxury,"34,637 mi.","$44,900",Good,Used
2020 Lexus GX 460 Base,"59,978 mi.","$39,395",Good,Used
2020 Lexus GX 460 Base,"59,442 mi.","$39,498",Good,Used
2020 Lexus GX 460 Base,"77,515 mi.","$37,362",Good,Used
2020 Lexus GX 460 Premium,"114,349 mi.","$36,928",Good,Used
2020 Lexus GX 460 Premium,"43,269 mi.","$39,988",None,Used
2020 Lexus GX 460 Luxury,"41,026 mi.","$46,500",Good,Used
2020 Lexus GX 460 Base,"23,486 mi.","$40,453",Good,Used
2020 Lexus GX 460 Premium,"41,000 mi.","$37,997",Great,Used
2020 Lexus GX 460 Premium,"82,748 mi.","$35,790",Fair,Used
2020 Lexus GX 460 Base,"27,270 mi.","$44,650",Good,Used
2020 Lexus GX 460 Luxury,"46,549 mi.","$44,950",Good,Used
2020 Lexus GX 460 Base,"28,339 mi.","$43,998",Good,Used
2020 Lexus GX 460 Base,"39,753 mi.","$41,950",Good,Used
2020 Lexus GX 460 Base,"21,680 mi.","$42,999",Good,Used
2020 Lexus GX 460 Base,"29,913 mi.","$44,998",Good,Used
2020 Lexus GX 460 Base,"28,739 mi.","$44,000",Good,Used
2020 Lexus GX 460 Base,"48,256 mi.","$39,000",Good,Used
2020 Lexus GX 460 Luxury,"45,326 mi.","$46,032",Good,Used
2020 Lexus GX 460 Luxury,"37,521 mi.","$44,733",Good,Used
2020 Lexus GX 460 Base,"61,552 mi.","$39,400",Good,Used
2020 Lexus GX 460 Luxury,"86,490 mi.","$40,995",Fair,Used
2020 Lexus GX 460 Premium,"65,679 mi.","$38,999",Good,Used
2020 Lexus GX 460 Base,"58,732 mi.","$41,700",Fair,Used
2020 Lexus GX 460 Base,"46,923 mi.","$39,987",Good,Used
2020 Lexus GX 460 Premium,"41,251 mi.","$38,941",Good,Used
2020 Lexus GX 460 Base,"36,976 mi.","$39,500",Good,Used
2020 Lexus GX 460 Premium,"32,882 mi.","$40,749",Good,Used
2020 Lexus GX 460 Base,"29,732 mi.","$41,998",Good,Used
2020 Lexus GX 460 Luxury,"28,458 mi.","$49,998",None,Used
2020 Lexus GX 460 Premium,"60,447 mi.","$38,632",Fair,Used
2020 Lexus GX 460 Base,"39,203 mi.","$43,810",Good,Used
2020 Lexus GX 460 Premium,"37,219 mi.","$69,999",None,Used
2020 Lexus GX 460 Base,"41,327 mi.","$40,000",Good,Used
2020 Lexus GX 460 Premium,"29,049 mi.","$43,974",Good,Used
2020 Lexus GX 460 Luxury,"39,514 mi.","$43,756",Good,Used
2020 Lexus GX 460 Base,"76,894 mi.","$39,995",Fair,Used
2020 Lexus GX 460 Base,"42,019 mi.","$39,998",Good,Used
2020 Lexus GX 460 Base,"88,772 mi.","$35,496",Good,Used
2020 Lexus GX 460 Base,"90,689 mi.","$36,757",Good,Used
2020 Lexus GX 460 Base,"39,317 mi.","$43,420",Good,Used
2020 Lexus GX 460 Base,"56,445 mi.","$41,900",Good,Used
2020 Lexus GX 460 Premium,"28,001 mi.","$44,541",Good,Used
2020 Lexus GX 460 Base,"44,401 mi.","$43,455",Fair,Used
2020 Lexus GX 460 Base,"20,395 mi.","$45,631",Good,Used
2020 Lexus GX 460 Premium,"32,576 mi.","$44,548",Good,Used
2020 Lexus GX 460 Premium,"31,607 mi.","$41,490",Good,Used
2020 Lexus GX 460 Luxury,"45,584 mi.","$45,989",Good,Used
2020 Lexus GX 460 Base,"107,057 mi.","$34,900",Good,Used
2020 Lexus GX 460 460,"42,001 mi.","$41,990",Great,Used
2020 Lexus GX 460 Base,"56,867 mi.","$37,928",Fair,Used
2020 Lexus GX 460 Base,"33,202 mi.","$40,800",Good,Used
2020 Lexus GX 460 Premium,"36,141 mi.","$44,885",Good,Used
2020 Lexus GX 460 Base,"41,002 mi.","$41,998",Good,Used
2020 Lexus GX 460 Luxury,"38,554 mi.","$42,880",Good,Used
2020 Lexus GX 460 Premium,"71,935 mi.","$38,299",Fair,Used
2020 Lexus GX 460 Premium,"51,397 mi.","$36,000",Good,Used
2020 Lexus GX 460 Base,"64,355 mi.","$39,385",Good,Used
2020 Lexus GX 460 Base,"73,715 mi.","$37,674",Good,Used
2020 Lexus GX 460 Base,"63,129 mi.","$41,977",Fair,Used
2020 Lexus GX 460 Premium,"57,197 mi.","$39,925",Good,Used
2020 Lexus GX 460 Base,"69,661 mi.","$36,892",Good,Used
2020 Lexus GX 460 Base,"53,050 mi.","$39,987",Good,Used
2020 Lexus GX 460 Base,"42,830 mi.","$43,999",Good,Used
2020 Lexus GX 460 Premium,"27,376 mi.","$38,752",Good,Used
2020 Lexus GX 460 Base,"26,475 mi.","$42,999",Good,Used
2020 Lexus GX 460 Base,"36,917 mi.","$37,991",Good,Used
2020 Lexus GX 460 Base,"38,870 mi.","$44,888",Good,Used
2020 Lexus GX 460 Luxury,"33,342 mi.","$43,750",Good,Used
2020 Lexus GX 460 Base,"23,606 mi.","$38,242",Great,Used
2020 Lexus GX 460,"60,910 mi.","$37,997",Good,Used
2020 Lexus GX 460 Base,"39,431 mi.","$38,991",Good,Used
2020 Lexus GX 460 Premium,"44,756 mi.","$40,995",Good,Used
2020 Lexus GX 460 Base,"33,317 mi.","$46,662",Fair,Used
2020 Lexus GX 460 Luxury,"60,825 mi.","$41,319",Good,Used
2020 Lexus GX 460 Base,"21,426 mi.","$46,998",Good,Used
2020 Lexus GX 460 Premium,"59,040 mi.","$38,998",None,Used
2020 Lexus GX 460 Base,"27,518 mi.","$44,989",Good,Used
2020 Lexus GX 460 Luxury,"57,767 mi.","$44,908",Good,Used
2020 Lexus GX 460 Premium,"44,330 mi.","$39,995",Good,Used
2020 Lexus GX 460 Base,"17,334 mi.","$44,998",Good,Used
2020 Lexus GX 460 Base,"44,039 mi.","$42,988",Good,Used
2020 Lexus GX 460 Base,"44,764 mi.","$41,998",Good,Used
2020 Lexus GX 460 Base,"28,948 mi.","$39,499",Good,Used
2020 Lexus GX 460 Base,"17,941 mi.","$45,998",Good,Used
2020 Lexus GX 460 Base,"22,300 mi.","$41,773",Good,Used
2020 Lexus GX 460 Base,"37,033 mi.","$41,998",Good,Used
2020 Lexus GX 460 Base,"44,498 mi.","$40,880",Great,Used
2020 Lexus GX 460 Luxury,"45,022 mi.","$41,491",Good,Used
2020 Lexus GX 460 Base,"51,117 mi.","$37,999",Good,Used
2020 Lexus GX 460 Premium,"45,591 mi.","$44,998",Good,Used
2020 Lexus GX 460 Base,"36,005 mi.","$38,880",Good,Used
2020 Lexus GX 460 Base,"12,957 mi.","$46,000",Good,Used
2020 Lexus GX 460 Base,"21,736 mi.","$44,998",Good,Used
2020 Lexus GX 460 Premium,"23,972 mi.","$45,960",Fair,Used
2020 Lexus GX 460 Premium,"41,813 mi.","$40,977",Good,Used
2020 Lexus GX 460 Premium,"34,034 mi.","$40,999",Good,Used
2020 Lexus GX 460 Base,"42,772 mi.","$41,165",Good,Used
2020 Lexus GX 460 Base,"58,744 mi.","$39,995",Good,Used
2020 Lexus GX 460 Base,"61,228 mi.","$39,998",Good,Used
2020 Lexus GX 460 Base,"62,361 mi.","$40,218",Good,Used
2020 Lexus GX 460 Premium,"53,695 mi.","$38,900",Good,Used
2020 Lexus GX 460 Base,"47,179 mi.","$39,997",Good,Used
2020 Lexus GX 460 Base,"28,946 mi.","$43,998",Good,Used
2020 Lexus GX 460 Base,"24,645 mi.","$43,998",Good,Used
2020 Lexus GX 460 Luxury,"42,610 mi.","$41,520",Good,Used
2020 Lexus GX 460 Premium,"38,764 mi.","$43,234",Good,Used
2020 Lexus GX 460 Base,"27,887 mi.","$45,400",Good,Used
2020 Lexus GX 460 Base,"26,872 mi.","$43,998",Good,Used
2020 Lexus GX 460 Base,"101,418 mi.","$35,400",Good,Used
2020 Lexus GX 460 Base,"28,395 mi.","$41,998",Good,Used
2020 Lexus GX 460 Premium,"38,261 mi.","$42,980",Good,Used
2020 Lexus GX 460 GX 460 Premium,"36,507 mi.","$33,795",None,Used
2020 Lexus GX 460 Base,"37,612 mi.","$44,975",Good,Used
2021 Lexus GX 460 Base,"42,757 mi.","$40,998",Great,Used
2021 Lexus GX 460 Premium,"25,970 mi.","$43,999",Great,Used
2021 Lexus GX 460 Base,"43,727 mi.","$45,300",Good,Used
2021 Lexus GX 460 Premium,"46,440 mi.","$45,000",Good,Used
2021 Lexus GX 460 Luxury,"52,335 mi.","$48,502",Good,Used
2021 Lexus GX 460 Base,"9,990 mi.","$44,998",Good,Used
2021 Lexus GX 460 Base,"33,428 mi.","$48,996",Good,Used
2021 Lexus GX 460 Base,"18,906 mi.","$48,550",Good,Used
2021 Lexus GX 460 Premium,"47,071 mi.","$48,950",Good,Used
2021 Lexus GX 460 Base,"69,250 mi.","$39,997",Good,Used
2021 Lexus GX 460 Premium,"31,290 mi.","$46,900",Good,Used
2021 Lexus GX 460 Base,"45,584 mi.","$44,995",Good,Used
2021 Lexus GX 460 Base,"17,938 mi.","$46,395",Good,Used
2021 Lexus GX 460 Base,"34,633 mi.","$44,490",Great,Used
2021 Lexus GX 460 Base,"24,044 mi.","$48,985",Good,Used
2021 Lexus GX 460 Base,"16,121 mi.","$50,998",Good,Used
2021 Lexus GX 460 Premium,"53,293 mi.","$41,987",Good,Used
2021 Lexus GX 460 Base,"9,395 mi.","$47,550",Great,Used
2021 Lexus GX 460 Premium,"26,989 mi.","$47,501",Good,Used
2021 Lexus GX 460 Base,"36,650 mi.","$43,995",Great,Used
2021 Lexus GX 460 Premium,"36,101 mi.","$44,900",Good,Used
2021 Lexus GX 460 Premium,"25,489 mi.","$44,866",Great,Used
2021 Lexus GX 460 Base,"17,204 mi.","$47,799",Good,Used
2021 Lexus GX 460 Base,"33,420 mi.","$42,998",Great,Used
2021 Lexus GX 460 Premium,"51,920 mi.","$39,987",Good,Used
2021 Lexus GX 460 Premium,"45,429 mi.","$46,864",Good,Used
2021 Lexus GX 460 Luxury,"74,293 mi.","$42,787",Fair,Used
2021 Lexus GX 460 Base,"19,870 mi.","$47,495",Good,Used
2021 Lexus GX 460 GX 460 Premium,"32,471 mi.","$44,988",None,Used
2021 Lexus GX 460 Premium,"47,786 mi.","$45,999",Good,Used
2021 Lexus GX 460 Base,"36,393 mi.","$43,894",Good,Used
2021 Lexus GX 460 Luxury,"50,573 mi.","$46,995",Good,Used
2021 Lexus GX 460 Premium,"47,722 mi.","$44,487",Good,Used
2021 Lexus GX 460 Base,"46,952 mi.","$38,996",Great,Used
2021 Lexus GX 460 Base,"41,113 mi.","$42,700",Good,Used
2021 Lexus GX 460 Base,"37,105 mi.","$43,981",Good,Used
2021 Lexus GX 460 Premium,"24,429 mi.","$46,324",Great,Used
2021 Lexus GX 460 Premium,"34,751 mi.","$44,626",Great,Used
2021 Lexus GX 460 Base,"27,190 mi.","$43,649",Great,Used
2021 Lexus GX 460 Premium,"42,226 mi.","$43,689",Great,Used
2021 Lexus GX 460 Base,"52,850 mi.","$39,990",Good,Used
2021 Lexus GX 460 Premium,"63,793 mi.","$40,794",Good,Used
2021 Lexus GX 460 Premium,"31,378 mi.","$42,995",Great,Used
2021 Lexus GX 460,"15,729 mi.","$48,798",Good,Used
2021 Lexus GX 460 Base,"51,333 mi.","$42,490",Good,Used
2021 Lexus GX 460 Luxury,"78,400 mi.","$43,859",Good,Used
2021 Lexus GX 460 Luxury,"60,924 mi.","$44,361",Good,Used
2021 Lexus GX 460 Luxury,"70,982 mi.","$44,459",Good,Used
2021 Lexus GX 460 Luxury,"10,407 mi.","$48,000",Great,Used
2021 Lexus GX 460 Base,"48,721 mi.","$44,011",Good,Used
2021 Lexus GX 460 Base,"23,481 mi.","$48,360",Good,Used
2021 Lexus GX 460 Base,"55,313 mi.","$41,920",Good,Used
2021 Lexus GX 460 Base,"41,435 mi.","$41,680",Good,Used
2021 Lexus GX 460 Base,"64,332 mi.","$39,444",Good,Used
2021 Lexus GX 460 Luxury,"24,420 mi.","$49,999",Good,Used
2021 Lexus GX 460,"47,646 mi.","$47,000",Good,Used
2021 Lexus GX 460 Base,"35,751 mi.","$42,990",Great,Used
2021 Lexus GX 460 Base,"44,875 mi.","$42,990",Good,Used
2021 Lexus GX 460 Base,"38,151 mi.","$45,990",Good,Used
2021 Lexus GX 460 Base,"47,120 mi.","$41,000",Great,Used
2021 Lexus GX 460 Base,"46,689 mi.","$46,996",Good,Used
2021 Lexus GX 460 Base,"37,225 mi.","$49,990",Good,Used
2021 Lexus GX 460 Base,"42,283 mi.","$44,998",Good,Used
2021 Lexus GX 460 Premium,"59,518 mi.","$42,989",Good,Used
2021 Lexus GX 460 Base,"43,071 mi.","$45,344",Good,Used
2021 Lexus GX 460 Base,"33,206 mi.","$48,999",Good,Used
2021 Lexus GX 460 Luxury,"61,723 mi.","$46,181",Fair,Used
2021 Lexus GX 460 Base,"48,734 mi.","$46,500",Good,Used
2021 Lexus GX 460 Base,"38,599 mi.","$43,995",Good,Used
2021 Lexus GX 460 Premium,"41,500 mi.","$44,998",Good,Used
2021 Lexus GX 460 Base,"45,985 mi.","$42,000",Good,Used
2021 Lexus GX 460 Base,"40,633 mi.","$41,995",Good,Used
2021 Lexus GX 460 Base,"17,009 mi.","$44,988",Good,Used
2021 Lexus GX 460 Premium,"28,024 mi.","$45,981",Good,Used
2021 Lexus GX 460 Base,"17,326 mi.","$49,981",Good,Used
2021 Lexus GX 460 Premium,"24,862 mi.","$43,987",Good,Used
2021 Lexus GX 460 Base,"54,214 mi.","$41,492",Good,Used
2021 Lexus GX 460 Luxury,"60,612 mi.","$44,499",Good,Used
2021 Lexus GX 460 Base,"34,490 mi.","$45,955",Good,Used
2021 Lexus GX 460 Base,"33,736 mi.","$43,998",Good,Used
2021 Lexus GX 460 Base,"32,868 mi.","$45,250",Good,Used
2021 Lexus GX 460 Premium,"29,230 mi.","$50,000",Good,Used
2021 Lexus GX 460 Base,"36,414 mi.","$44,900",Good,Used
2021 Lexus GX 460 Premium,"82,882 mi.","$38,998",Good,Used
2021 Lexus GX 460 Base,"22,928 mi.","$46,988",Good,Used
2021 Lexus GX 460 Base,"32,014 mi.","$46,995",Good,Used
2021 Lexus GX 460 Base,"65,485 mi.","$39,992",Good,Used
2021 Lexus GX 460 Base,"20,390 mi.","$46,888",Good,Used
2021 Lexus GX 460 Luxury,"28,736 mi.","$47,800",Good,Used
2021 Lexus GX 460 Base,"66,244 mi.","$39,071",Fair,Used
2021 Lexus GX 460 Base,"55,925 mi.","$38,914",Great,Used
2021 Lexus GX 460 Premium,"55,717 mi.","$39,299",Good,Used
2021 Lexus GX 460 Base,"24,940 mi.","$45,998",Good,Used
2021 Lexus GX 460 Base,"47,892 mi.","$44,000",Good,Used
2021 Lexus GX 460 Premium,"36,298 mi.","$44,000",Fair,Used
2021 Lexus GX 460 Luxury,"35,861 mi.","$48,145",Good,Used
2021 Lexus GX 460 Premium,"39,845 mi.","$43,885",Good,Used
2021 Lexus GX 460 Base,"52,637 mi.","$45,991",Good,Used
2021 Lexus GX 460 Base,"53,618 mi.","$37,997",Great,Used
2021 Lexus GX 460 Base,"29,838 mi.","$46,673",Good,Used
2021 Lexus GX 460 Base,"24,500 mi.","$49,698",Good,Used
2021 Lexus GX 460 Base,"34,422 mi.","$46,583",Good,Used
2021 Lexus GX 460 Base,"9,031 mi.","$47,000",Good,Used
2021 Lexus GX 460 Base,"21,107 mi.","$52,999",Good,Used
2021 Lexus GX 460 Base,"54,237 mi.","$43,482",Fair,Used
2021 Lexus GX 460 Base,"27,754 mi.","$46,998",Good,Used
2021 Lexus GX 460 Base,"44,001 mi.","$47,300",Good,Used
2021 Lexus GX 460 Premium,"42,930 mi.","$44,998",Great,Used
2021 Lexus GX 460 Base,"122,220 mi.","$31,987",None,Used
2021 Lexus GX 460 Base,"35,557 mi.","$44,944",Good,Used
2021 Lexus GX 460 Premium,"46,871 mi.","$42,880",Good,Used
2021 Lexus GX 460 Premium,"52,000 mi.","$44,000",Good,Used
2021 Lexus GX 460 Base,"26,636 mi.","$47,387",Good,Used
2021 Lexus GX 460 Luxury,"86,915 mi.","$43,990",Good,Used
2021 Lexus GX 460 Base,"20,730 mi.","$49,938",Good,Used
2021 Lexus GX 460 Base,"26,204 mi.","$46,998",None,Used
2021 Lexus GX 460 Base,"40,035 mi.","$44,999",Good,Used
2021 Lexus GX 460 Base,"50,423 mi.","$40,995",Good,Used
2021 Lexus GX 460 Premium,"44,640 mi.","$45,687",Good,Used
2021 Lexus GX 460 Luxury,"90,555 mi.","$41,061",Good,Used
2021 Lexus GX 460 Base,"35,431 mi.","$43,295",Good,Used
2021 Lexus GX 460 Premium,"34,064 mi.","$41,999",Great,Used
2021 Lexus GX 460 Base,"62,901 mi.","$44,993",Good,Used
2021 Lexus GX 460 Base,"61,612 mi.","$41,888",Good,Used
2021 Lexus GX 460 Luxury,"37,398 mi.","$50,555",Good,Used
2021 Lexus GX 460 Luxury,"82,085 mi.","$42,998",Good,Used
2021 Lexus GX 460 Base,"44,620 mi.","$39,990",Great,Used
2021 Lexus GX 460 Base,"32,724 mi.","$44,998",Good,Used
2021 Lexus GX 460 Premium,"43,277 mi.","$39,750",Great,Used
2021 Lexus GX 460 Luxury,"25,232 mi.","$50,000",Good,Used
2021 Lexus GX 460 Base,"20,673 mi.","$50,993",Fair,Used
2021 Lexus GX 460 Premium,"25,030 mi.","$44,687",Good,Used
2021 Lexus GX 460 Base,"19,406 mi.","$50,993",Fair,Used
2021 Lexus GX 460 Base,"38,176 mi.","$40,497",Good,Used
2021 Lexus GX 460 Base,"38,821 mi.","$42,561",Good,Used
2021 Lexus GX 460 Base,"9,131 mi.","$50,220",Good,Used
2021 Lexus GX 460 Base,"26,594 mi.","$45,000",Good,Used
2021 Lexus GX 460 Base,"16,442 mi.","$47,900",Good,Used
2021 Lexus GX 460 Premium,"34,113 mi.","$43,103",Good,Used
2021 Lexus GX 460 Base,"31,802 mi.","$44,554",Good,Used
2021 Lexus GX 460 Base,"21,552 mi.","$46,313",Good,Used
2021 Lexus GX 460 Base,"22,425 mi.","$45,980",Good,Used
2021 Lexus GX 460 Base,"58,717 mi.","$40,000",Good,Used
2021 Lexus GX 460 Base,"21,271 mi.","$47,395",Good,Used
2021 Lexus GX 460 Base,"38,365 mi.","$43,998",Good,Used
2021 Lexus GX 460 Luxury,"19,995 mi.","$49,899",Good,Used
2021 Lexus GX 460 Premium,"54,198 mi.","$41,834",Good,Used
2021 Lexus GX 460 Base,"34,361 mi.","$44,399",Good,Used
2021 Lexus GX 460 Base,"50,470 mi.","$43,998",Good,Used
2021 Lexus GX 460 Premium,"28,254 mi.","$45,999",Good,Used
2021 Lexus GX 460 Premium,"37,968 mi.","$40,799",Good,Used
2021 Lexus GX 460 Premium,"31,910 mi.","$48,974",Fair,Used
2021 Lexus GX 460 Base,"36,749 mi.","$46,292",Good,Used
2021 Lexus GX 460 Base,"22,125 mi.","$45,891",Good,Used
2021 Lexus GX 460 Premium,"68,429 mi.","$37,511",Good,Used
2021 Lexus GX 460 Base,"27,904 mi.","$62,014",None,Used
2021 Lexus GX 460 Base,"49,571 mi.","$41,999",Good,Used
2021 Lexus GX 460 Premium,"38,875 mi.","$39,995",Great,Used
2021 Lexus GX 460 Base,"29,685 mi.","$48,990",Good,Used
2021 Lexus GX 460 Premium,"45,684 mi.","$43,997",Good,Used
2021 Lexus GX 460 Base,"50,989 mi.","$42,499",Good,Used
2021 Lexus GX 460 Base,"43,012 mi.","$44,990",Good,Used
2021 Lexus GX 460 Luxury,"15,007 mi.","$57,998",Good,Certified
2021 Lexus GX 460 Base,"26,899 mi.","$45,787",Good,Used
2021 Lexus GX 460 Premium,"35,825 mi.","$50,895",Fair,Certified
2021 Lexus GX 460 Premium,"49,442 mi.","$40,899",Great,Used
2021 Lexus GX 460 Base,"24,041 mi.","$49,990",Fair,Used
2021 Lexus GX 460 Base,"23,611 mi.","$42,998",Great,Used
2021 Lexus GX 460 Base,"26,275 mi.","$48,698",Good,Used
2021 Lexus GX 460 Premium,"42,825 mi.","$49,920",Great,Used
2021 Lexus GX 460 Base,"20,707 mi.","$47,988",Good,Used
2021 Lexus GX 460 Premium,"31,434 mi.","$40,788",Good,Used
2021 Lexus GX 460 Base,"22,108 mi.","$40,995",Great,Used
2021 Lexus GX 460 Base,"19,889 mi.","$46,959",Good,Used
2021 Lexus GX 460 Premium,"25,379 mi.","$46,373",Good,Used
2021 Lexus GX 460 Base,"16,818 mi.","$50,988",Good,Used
2021 Lexus GX 460 Base,"29,128 mi.","$44,984",Fair,Used
2021 Lexus GX 460 Premium,"42,101 mi.","$49,995",Fair,Certified
2021 Lexus GX 460 Luxury,"40,607 mi.","$48,995",Good,Used
2021 Lexus GX 460 Base,"33,267 mi.","$43,000",Good,Used
2021 Lexus GX 460 Base,"18,608 mi.","$48,899",Good,Used
2021 Lexus GX 460 Base,"35,374 mi.","$44,998",Great,Used
2021 Lexus GX 460 Base,"60,749 mi.","$42,990",Good,Used
2021 Lexus GX 460 Luxury,"15,358 mi.","$57,985",Fair,Used
2021 Lexus GX 460 Base,"70,428 mi.","$37,488",Good,Used
2021 Lexus GX 460 Base,"38,529 mi.","$42,488",Good,Used
2021 Lexus GX 460 Base,"22,778 mi.","$44,995",Good,Used
2021 Lexus GX 460 Base,"59,111 mi.","$42,500",Good,Used
2021 Lexus GX 460 Base,"57,416 mi.","$41,998",None,Used
2021 Lexus GX 460 Premium,"43,967 mi.","$41,440",Great,Used
2021 Lexus GX 460 Premium,"51,750 mi.","$49,645",Good,Used
2021 Lexus GX 460 Premium,"46,719 mi.","$43,000",Good,Used
2021 Lexus GX 460 460,"52,912 mi.","$40,990",Good,Used
2021 Lexus GX 460 Luxury,"19,151 mi.","$47,897",Good,Used
2021 Lexus GX 460 Base,"40,479 mi.","$42,680",Good,Used
2021 Lexus GX 460 Base,"33,259 mi.","$42,699",Good,Used
2021 Lexus GX 460 Base,"23,358 mi.","$48,998",Good,Used
2021 Lexus GX 460 Premium,"43,493 mi.","$42,477",Good,Used
2021 Lexus GX 460 Base,"92,947 mi.","$40,888",Fair,Used
2021 Lexus GX 460 GX 460 Luxury,"46,144 mi.","$46,987",Good,Used
2021 Lexus GX 460 Luxury,"9,540 mi.","$54,998",Good,Used
2021 Lexus GX 460 Luxury,"33,736 mi.","$46,998",Good,Used
2021 Lexus GX 460 Luxury,"48,448 mi.","$49,997",Fair,Used
2021 Lexus GX 460 Base,"15,318 mi.","$49,995",Good,Used
2021 Lexus GX 460 Base,"58,866 mi.","$37,883",Fair,Used
2021 Lexus GX 460 Luxury,"42,343 mi.","$47,498",Good,Used
2021 Lexus GX 460 Premium,"28,121 mi.","$45,000",Good,Used
2021 Lexus GX 460 Premium,"59,096 mi.","$41,749",Good,Used
2021 Lexus GX 460 Luxury,"19,675 mi.","$47,499",Great,Used
2021 Lexus GX 460 Luxury,"41,644 mi.","$49,491",Good,Used
2021 Lexus GX 460 Base,"43,977 mi.","$43,998",Good,Used
2021 Lexus GX 460 Premium,"5,887 mi.","$49,995",Good,Used
2021 Lexus GX 460 Base,"18,066 mi.","$49,990",Good,Used
2021 Lexus GX 460 Base,"35,369 mi.","$44,999",Good,Used
2021 Lexus GX 460 460,"36,701 mi.","$43,900",Great,Used
2021 Lexus GX 460 Base,"35,957 mi.","$43,816",Good,Used
2021 Lexus GX 460 Base,"40,167 mi.","$45,999",Good,Used
2021 Lexus GX 460 Base,"29,808 mi.","$46,900",Good,Used
2021 Lexus GX 460 Luxury,"41,602 mi.","$46,990",Good,Used
2021 Lexus GX 460 Premium,"35,479 mi.","$44,590",Fair,Used
2021 Lexus GX 460 Base,"19,846 mi.","$47,998",Good,Used
2021 Lexus GX 460 Base,"24,025 mi.","$50,299",Good,Used
2021 Lexus GX 460 Luxury,"39,958 mi.","$45,662",Good,Used
2021 Lexus GX 460 GX 460 Premium,"30,398 mi.","$49,788",Good,Used
2021 Lexus GX 460 Luxury,"20,927 mi.","$51,998",Good,Used
2021 Lexus GX 460 Base,"29,029 mi.","$46,611",Good,Used
2021 Lexus GX 460 Base,"81,660 mi.","$38,888",Good,Used
2021 Lexus GX 460 Premium,"31,950 mi.","$48,900",Good,Used
2021 Lexus GX 460 Base,"44,056 mi.","$44,569",Good,Used
2021 Lexus GX 460 Base,"38,779 mi.","$43,998",None,Used
2021 Lexus GX 460 Luxury,"32,051 mi.","$51,998",None,Used
2021 Lexus GX 460 Luxury,"42,441 mi.","$46,661",Good,Used
2021 Lexus GX 460 Luxury,"37,646 mi.","$48,000",Good,Used
2021 Lexus GX 460 Base,"41,558 mi.","$45,991",Good,Used
2021 Lexus GX 460 Base,"37,434 mi.","$52,929",Fair,Used
2021 Lexus GX 460 Base,"11,010 mi.","$50,995",Good,Used
2021 Lexus GX 460 Base,"25,967 mi.","$47,998",Good,Used
2021 Lexus GX 460 Base,"46,346 mi.","$45,014",Good,Used
2021 Lexus GX 460 460,"30,000 mi.","$46,534",Fair,Used
2021 Lexus GX 460 Base,"25,283 mi.","$46,233",Good,Used
2021 Lexus GX 460 Base,"30,503 mi.","$41,779",Great,Used
2021 Lexus GX 460 Base,"33,040 mi.","$42,428",Good,Used
2021 Lexus GX 460 Base,"49,021 mi.","$40,933",Good,Used
2021 Lexus GX 460 GX 460 Premium 4WD,"31,735 mi.","$46,989",Good,Used
2021 Lexus GX 460 Base,"21,383 mi.","$47,998",Good,Used
2021 Lexus GX 460 Base,"65,074 mi.","$39,925",Good,Used
2021 Lexus GX 460 Base,"30,404 mi.","$47,995",Fair,Used
2021 Lexus GX 460 Base,"37,321 mi.","$45,998",Good,Used
2021 Lexus GX 460 Base,"22,476 mi.","$48,983",Good,Used
2021 Lexus GX 460 Luxury,"28,215 mi.","$49,223",Good,Used
2021 Lexus GX 460 Base,"31,304 mi.","$49,981",Good,Used
2021 Lexus GX 460 Luxury,"31,601 mi.","$49,888",Good,Used
2021 Lexus GX 460 Base,"41,679 mi.","$39,888",Great,Used
2021 Lexus GX 460 Premium,"36,355 mi.","$46,977",Good,Used
2021 Lexus GX 460 460,"72,329 mi.","$41,996",Good,Used
2021 Lexus GX 460 Base,"22,036 mi.","$45,495",Good,Used
2021 Lexus GX 460 Base,"31,350 mi.","$45,000",Good,Used
2021 Lexus GX 460 460,"30,689 mi.","$42,500",Good,Used
2021 Lexus GX 460 Base,"47,559 mi.","$38,490",Great,Used
2021 Lexus GX 460 Base,"26,671 mi.","$44,991",Good,Used
2021 Lexus GX 460 Base,"46,102 mi.","$49,425",Good,Used
2021 Lexus GX 460 Premium,"39,085 mi.","$46,999",Fair,Used
2021 Lexus GX 460 Base,"64,045 mi.","$38,790",Good,Used
2021 Lexus GX 460 Premium,"45,465 mi.","$40,650",Good,Used
2021 Lexus GX 460 Premium,"20,456 mi.","$43,995",Good,Used
2021 Lexus GX 460 Base,"43,754 mi.","$46,598",Good,Used
2021 Lexus GX 460 Base,"36,318 mi.","$39,999",Great,Used
2021 Lexus GX 460 Base,"34,266 mi.","$41,962",Great,Used
2021 Lexus GX 460 Base,"48,929 mi.","$43,262",Good,Used
2021 Lexus GX 460 Premium,"48,683 mi.","$41,185",Good,Used
2021 Lexus GX 460 Base,"31,293 mi.","$46,990",Good,Used
2021 Lexus GX 460 Base,"25,598 mi.","$46,991",Good,Used
2021 Lexus GX 460 Base,"25,172 mi.","$43,998",None,Used
2021 Lexus GX 460 Base,"20,253 mi.","$49,462",Good,Used
2021 Lexus GX 460 Base,"59,585 mi.","$39,998",Good,Used
2021 Lexus GX 460 Base,"42,908 mi.","$49,069",Fair,Used
2021 Lexus GX 460 Premium,"11,245 mi.","$47,000",Good,Used
2021 Lexus GX 460 Premium,"30,425 mi.","$42,655",Good,Used
2021 Lexus GX 460 Premium,"60,370 mi.","$40,989",Good,Used
2021 Lexus GX 460 Base,"28,743 mi.","$42,333",Good,Used
2021 Lexus GX 460 Base,"37,137 mi.","$44,400",Good,Used
2021 Lexus GX 460 Base,"30,540 mi.","$46,989",Good,Used
2021 Lexus GX 460 Premium,"27,224 mi.","$46,488",Good,Used
2021 Lexus GX 460 Base,"29,990 mi.","$47,990",Good,Used
2021 Lexus GX 460 Premium,"22,340 mi.","$47,676",Good,Used
2021 Lexus GX 460 Premium,"40,477 mi.","$42,499",Good,Used
2021 Lexus GX 460 Base,"30,042 mi.","$43,998",Great,Used
2021 Lexus GX 460 Base,"37,751 mi.","$41,500",Great,Used
2021 Lexus GX 460 Premium,"34,646 mi.","$41,690",Good,Used
2021 Lexus GX 460 Premium,"23,759 mi.","$42,999",Great,Used
2021 Lexus GX 460 Luxury,"26,006 mi.","$44,782",Great,Used
2021 Lexus GX 460 Base,"31,102 mi.","$44,998",Good,Used
2021 Lexus GX 460 Base,"33,210 mi.","$48,300",Great,Used
2021 Lexus GX 460 Luxury,"33,744 mi.","$51,598",Good,Used
2021 Lexus GX 460 Premium,"33,769 mi.","$45,448",Good,Used
2021 Lexus GX 460 Base,"42,068 mi.","$40,988",Good,Used
2021 Lexus GX 460 Premium,"43,117 mi.","$47,699",Good,Used
2021 Lexus GX 460 Base,"25,679 mi.","$46,226",Great,Used
2021 Lexus GX 460 Base,"41,628 mi.","$44,988",Good,Used
2021 Lexus GX 460 Base,"28,696 mi.","$47,700",Good,Used
2021 Lexus GX 460 Base,"49,171 mi.","$38,692",Great,Used
2021 Lexus GX 460 Base,"29,892 mi.","$51,903",Good,Used
2021 Lexus GX 460 Base,"15,450 mi.","$50,333",Good,Used
2021 Lexus GX 460 Base,"46,676 mi.","$43,295",Good,Used
2021 Lexus GX 460 Base,"51,152 mi.","$39,871",Great,Used
2021 Lexus GX 460 Base,"16,080 mi.","$48,998",Good,Used
2021 Lexus GX 460 Base,"18,885 mi.","$49,998",Good,Used
2021 Lexus GX 460 Base,"28,238 mi.","$40,887",Great,Used
2021 Lexus GX 460 Base,"47,240 mi.","$41,983",Good,Used
2021 Lexus GX 460 Premium,"15,193 mi.","$49,983",Good,Used
2021 Lexus GX 460 Base,"26,664 mi.","$50,911",Great,Used
2021 Lexus GX 460 Premium,"39,091 mi.","$49,995",Good,Certified
2021 Lexus GX 460 Base,"65,231 mi.","$40,444",Good,Used
2021 Lexus GX 460 GX 460 Premium 4WD,"54,030 mi.","$41,995",Good,Used
2021 Lexus GX 460 Premium,"48,011 mi.","$44,750",Good,Used
2021 Lexus GX 460 Base,"21,847 mi.","$44,499",Great,Used
2021 Lexus GX 460 Base,"19,850 mi.","$49,988",Good,Used
2021 Lexus GX 460 Premium,"65,192 mi.","$43,758",Good,Used
2021 Lexus GX 460 Base,"25,569 mi.","$50,662",Good,Used
2021 Lexus GX 460 Base,"35,592 mi.","$47,743",Good,Used
2021 Lexus GX 460 Base,"49,981 mi.","$44,396",Good,Used
2021 Lexus GX 460 Premium,"51,216 mi.","$42,668",Good,Used
2021 Lexus GX 460 Premium,"19,053 mi.","$52,998",Good,Used
2021 Lexus GX 460,"51,382 mi.","$46,988",Good,Used
2021 Lexus GX 460 Base,"41,326 mi.","$46,889",Good,Used
2021 Lexus GX 460 Base,"40,238 mi.","$44,499",Good,Used
2021 Lexus GX 460 Base,"21,147 mi.","$47,688",Good,Used
2021 Lexus GX 460 Base,"24,417 mi.","$47,495",Good,Used
2021 Lexus GX 460 Premium,"27,059 mi.","$44,550",None,Used
2021 Lexus GX 460 Premium,"28,214 mi.","$43,336",Good,Used
2021 Lexus GX 460 460,"39,697 mi.","$44,449",Great,Used
2021 Lexus GX 460 Base,"38,089 mi.","$47,995",Good,Used
2021 Lexus GX 460 Base,"46,903 mi.","$42,800",Good,Used
2021 Lexus GX 460 Luxury,"35,179 mi.","$48,998",Good,Used
2021 Lexus GX 460 Base,"47,340 mi.","$46,990",Good,Used
2021 Lexus GX 460 Base,"38,269 mi.","$47,495",Good,Used
2021 Lexus GX 460 Premium,"27,631 mi.","$49,999",Good,Used
2021 Lexus GX 460 Base,"26,492 mi.","$48,988",Good,Used
2021 Lexus GX 460 Base,"45,235 mi.","$45,104",Good,Used
2021 Lexus GX 460 Base,"12,416 mi.","$47,207",Good,Used
2021 Lexus GX 460 Base,"36,303 mi.","$42,998",Good,Used
2021 Lexus GX 460 Base,"48,371 mi.","$42,998",Great,Used
2021 Lexus GX 460 Base,"66,929 mi.","$19,450",None,Used
2021 Lexus GX 460 Premium,"88,800 mi.","$34,998",Great,Used
2021 Lexus GX 460 Base,"32,553 mi.","$49,495",Good,Used
2021 Lexus GX 460 Base,"15,967 mi.","$45,988",Good,Used
2021 Lexus GX 460 Premium,"31,338 mi.","$37,450",None,Used
2021 Lexus GX 460 Base,"62,797 mi.","$44,695",Good,Used
2021 Lexus GX 460 Base,"35,562 mi.","$46,995",Good,Used
2021 Lexus GX 460 Base,"20,263 mi.","$49,992",Good,Used
2021 Lexus GX 460 Premium,"47,806 mi.","$39,999",Great,Used
2021 Lexus GX 460 Base,"87,315 mi.","$38,999",Good,Used
2022 Lexus GX 460 Premium,"9,100 mi.","$51,500",Great,Used
2022 Lexus GX 460,"48,864 mi.","$49,000",Good,Used
2022 Lexus GX 460 Base,"20,012 mi.","$54,924",Fair,Used
2022 Lexus GX 460 Base,"12,023 mi.","$54,497",Good,Used
2022 Lexus GX 460 Luxury,"6,028 mi.","$54,930",Fair,Used
2022 Lexus GX 460 Base,"31,510 mi.","$53,300",Good,Used
2022 Lexus GX 460 Luxury,"28,741 mi.","$55,998",Good,Used
2022 Lexus GX 460 Base,"15,732 mi.","$54,991",Fair,Used
2022 Lexus GX 460 Base,"33,957 mi.","$56,900",Fair,Used
2022 Lexus GX 460 Premium,"44,391 mi.","$46,000",None,Used
2022 Lexus GX 460 Base,"30,814 mi.","$49,262",Good,Used
2022 Lexus GX 460 Base,"14,478 mi.","$51,500",Good,Used
2022 Lexus GX 460 GX 460 Premium,"38,145 mi.","$45,910",Good,Used
2022 Lexus GX 460 Base,"30,115 mi.","$50,995",Good,Used
2022 Lexus GX 460 Base,"30,752 mi.","$50,827",Good,Used
2022 Lexus GX 460 GX 460 Premium,"32,728 mi.","$54,500",Good,Used
2022 Lexus GX 460 Base,"25,890 mi.","$52,565",Good,Used
2022 Lexus GX 460 Base,"32,759 mi.","$52,991",Good,Used
2022 Lexus GX 460 Base,"22,614 mi.","$48,450",Good,Used
2022 Lexus GX 460 Premium,"30,515 mi.","$51,545",Good,Used
2022 Lexus GX 460 Base,"23,650 mi.","$52,979",Fair,Used
2022 Lexus GX 460 GX 460,"26,038 mi.","$52,944",Good,Used
2022 Lexus GX 460 GX 460,"52,110 mi.","$45,994",Good,Used
2022 Lexus GX 460 Premium,"27,589 mi.","$51,251",Fair,Used
2022 Lexus GX 460 Base,"23,731 mi.","$54,822",Good,Used
2022 Lexus GX 460 Base,"23,110 mi.","$54,585",Good,Used
2022 Lexus GX 460 Base,"38,215 mi.","$48,998",Great,Used
2022 Lexus GX 460 Base,"19,457 mi.","$51,995",Good,Used
2022 Lexus GX 460 Premium,"54,972 mi.","$53,995",Fair,Used
2022 Lexus GX 460 Premium,"42,867 mi.","$51,949",Good,Used
2022 Lexus GX 460 Base,"8,060 mi.","$62,999",Fair,Used
2022 Lexus GX 460 Luxury,"30,106 mi.","$52,900",Good,Used
2022 Lexus GX 460 Base,"56,459 mi.","$45,998",None,Used
2022 Lexus GX 460 Premium,"23,246 mi.","$52,958",Fair,Used
2022 Lexus GX 460 Premium,"21,276 mi.","$54,859",Good,Used
2022 Lexus GX 460 Premium,"26,485 mi.","$49,881",Good,Used
2022 Lexus GX 460 Premium,"51,475 mi.","$53,995",Fair,Used
2022 Lexus GX 460 Base,"15,175 mi.","$51,589",Good,Used
2022 Lexus GX 460 Premium,"36,763 mi.","$50,588",Good,Used
2022 Lexus GX 460 Base,"32,238 mi.","$48,995",Good,Used
2022 Lexus GX 460 Base,"24,689 mi.","$52,250",Good,Used
2022 Lexus GX 460,"22,907 mi.","$54,194",Good,Used
2022 Lexus GX 460 Base,"20,151 mi.","$53,977",Good,Used
2022 Lexus GX 460 Base,"27,156 mi.","$53,268",Fair,Used
2022 Lexus GX 460 Base,"19,940 mi.","$50,789",Great,Used
2022 Lexus GX 460 Luxury,"39,690 mi.","$53,995",Good,Used
2022 Lexus GX 460 Base,"6,808 mi.","$60,988",Fair,Certified
2022 Lexus GX 460 Base,"11,484 mi.","$56,998",Good,Used
2022 Lexus GX 460 Base,"58,901 mi.","$48,999",Fair,Used
2022 Lexus GX 460 Premium,"27,025 mi.","$53,995",Good,Certified
2022 Lexus GX 460 Base,"8,015 mi.","$54,998",Good,Used
2022 Lexus GX 460 Base,"42,250 mi.","$46,995",Fair,Used
2022 Lexus GX 460 Luxury,"31,950 mi.","$52,000",Good,Used
2022 Lexus GX 460 Base,"35,744 mi.","$51,712",Good,Used
2022 Lexus GX 460 Base,"12,176 mi.","$54,899",Good,Used
2022 Lexus GX 460 Base,"25,387 mi.","$54,990",Fair,Used
2022 Lexus GX 460,"27,794 mi.","$47,488",Great,Used
2022 Lexus GX 460 Base,"34,375 mi.","$52,700",Good,Used
2022 Lexus GX 460 AWD 4dr SUV,"51,301 mi.","$50,495",Fair,Used
2022 Lexus GX 460 Premium,"18,441 mi.","$59,995",Fair,Used
2022 Lexus GX 460 Premium,"34,428 mi.","$53,500",Good,Used
2022 Lexus GX 460 Base,"22,789 mi.","$53,000",Good,Used
2022 Lexus GX 460 Base,"26,605 mi.","$49,200",Good,Used
2022 Lexus GX 460 Base,"38,907 mi.","$42,998",Great,Used
2022 Lexus GX 460 Base,"19,735 mi.","$58,968",Fair,Used
2022 Lexus GX 460 Base,"36,747 mi.","$47,995",Good,Used
2022 Lexus GX 460 Luxury,"14,842 mi.","$58,977",Good,Used
2022 Lexus GX 460 Base,"17,981 mi.","$53,995",Good,Used
2022 Lexus GX 460 Base,"18,497 mi.","$55,989",Good,Used
2022 Lexus GX 460 Premium,"28,321 mi.","$53,995",Good,Used
2022 Lexus GX 460 Premium,"17,069 mi.","$47,995",Good,Used
2022 Lexus GX 460 GX 460 Premium,"29,118 mi.","$52,076",Good,Used
2022 Lexus GX 460 Premium,"29,000 mi.","$49,000",Great,Used
2022 Lexus GX 460 Base,"25,440 mi.","$53,998",Good,Used
2022 Lexus GX 460 Luxury,"36,554 mi.","$53,318",Good,Used
2022 Lexus GX 460 Base,"69,128 mi.","$46,177",Fair,Used
2022 Lexus GX 460 Base,"22,078 mi.","$49,800",Good,Used
2022 Lexus GX 460 Base,"27,839 mi.","$51,920",Good,Used
2022 Lexus GX 460 Premium,"21,557 mi.","$49,995",Good,Used
2022 Lexus GX 460 Base,"20,922 mi.","$48,999",Good,Used
2022 Lexus GX 460 Premium,"21,019 mi.","$48,490",Good,Used
2022 Lexus GX 460 Premium,"35,326 mi.","$49,998",Good,Used
2022 Lexus GX 460 Base,"29,360 mi.","$48,688",Good,Used
2022 Lexus GX 460 Premium,"22,407 mi.","$47,975",Good,Used
2022 Lexus GX 460 Base,"12,753 mi.","$54,998",Good,Used
2022 Lexus GX 460 Base,"36,515 mi.","$53,000",Fair,Used
2022 Lexus GX 460 460,"30,213 mi.","$53,935",Good,Used
2022 Lexus GX 460 Base,"16,392 mi.","$52,920",Good,Used
2022 Lexus GX 460 Premium,"35,521 mi.","$52,900",Good,Used
2022 Lexus GX 460 460,"23,416 mi.","$54,163",Good,Used
2022 Lexus GX 460 Base,"33,534 mi.","$49,988",Good,Used
2022 Lexus GX 460 460 LUXURY,"36,415 mi.","$52,988",Good,Used
2022 Lexus GX 460 Base,"30,892 mi.","$54,990",Fair,Used
2022 Lexus GX 460 Base,"9,159 mi.","$54,995",Good,Used
2022 Lexus GX 460 Luxury,"53,000 mi.","$75,000",None,Used
2022 Lexus GX 460 Base,"8,021 mi.","$51,986",Good,Used
2022 Lexus GX 460 Premium,"17,370 mi.","$55,995",Good,Certified
2022 Lexus GX 460 Base,"15,523 mi.","$52,979",Good,Used
2022 Lexus GX 460 Base,"30,415 mi.","$56,892",Fair,Used
2022 Lexus GX 460 Base,"23,867 mi.","$53,892",Fair,Used
2022 Lexus GX 460 Base,"57,209 mi.","$47,395",Fair,Used
2022 Lexus GX 460 Luxury,"44,925 mi.","$52,544",Fair,Used
2023 Lexus GX 460 Luxury,"2,695 mi.","$62,750",Good,Used
2023 Lexus GX 460 Premium,"12,380 mi.","$57,999",Good,Used
2023 Lexus GX 460 Premium,"14,501 mi.","$56,900",Great,Used
2023 Lexus GX 460 Base,"6,061 mi.","$61,897",Good,Used
2023 Lexus GX 460 Luxury,"4,281 mi.","$68,950",Good,Used
2023 Lexus GX 460 Premium,"11,044 mi.","$58,998",Great,Used
2023 Lexus GX 460 Base,"16,925 mi.","$55,997",Good,Used
2023 Lexus GX 460 Luxury,None,"$72,435",None,New
2023 Lexus GX 460 Luxury,None,"$73,080",None,New
2023 Lexus GX 460 460,"39,017 mi.","$56,000",Good,Used
2023 Lexus GX 460 Base,None,"$64,865",None,New
2023 Lexus GX 460 Luxury,"17,304 mi.","$64,997",Fair,Used
2023 Lexus GX 460 Base,"16,515 mi.","$57,526",Good,Used
2023 Lexus GX 460 Base,None,"$62,270",None,New
2023 Lexus GX 460 Base,None,"$65,700",None,New
2023 Lexus GX 460 Base,"6,268 mi.","$57,998",Good,Used
2023 Lexus GX 460 Luxury,"15,142 mi.","$66,987",Good,Used
2023 Lexus GX 460 Luxury,"6,630 mi.","$60,697",Great,Used
2023 Lexus GX 460 Base,"10,393 mi.","$62,203",Good,Used
2023 Lexus GX 460 Base,"28,133 mi.","$56,990",Good,Used
2023 Lexus GX 460 Premium,"11,139 mi.","$60,000",Good,Used
2023 Lexus GX 460,"19,494 mi.","$56,988",Good,Used
2023 Lexus GX 460 Luxury,"12,432 mi.","$66,990",Fair,Used
2023 Lexus GX 460 Base,"19,416 mi.","$62,995",Fair,Used
2023 Lexus GX 460 Base,"2,185 mi.","$63,899",Good,Used
2023 Lexus GX 460 Base,"2,605 mi.","$60,344",Good,Used
2023 Lexus GX 460 Premium,"2,077 mi.","$59,558",Good,Used
2023 Lexus GX 460 Premium,"1,350 mi.","$60,000",Great,Used
2023 Lexus GX 460 Base,"6,520 mi.","$58,891",Good,Used
2023 Lexus GX 460 Base,"9,385 mi.","$58,995",Good,Used
2023 Lexus GX 460 Base,"11,284 mi.","$60,999",Good,Used
2023 Lexus GX 460 Premium,"9,352 mi.","$60,750",Good,Used
2023 Lexus GX 460 Base,"2,248 mi.","$69,662",Fair,Used
2023 Lexus GX 460 Base,"5,848 mi.","$60,990",Good,Used
2023 Lexus GX 460 GX 460 Premium,"15,306 mi.","$60,000",Good,Used
2023 Lexus GX 460 Base,"18,167 mi.","$54,987",Good,Used
2023 Lexus GX 460 Base,"3,834 mi.","$59,986",Good,Used
2023 Lexus GX 460 Base,"10,036 mi.","$57,499",Good,Used
2023 Lexus GX 460 Luxury,"11,766 mi.","$63,991",Good,Used
2023 Lexus GX 460 Luxury,"1,984 mi.","$62,887",Good,Used
2023 Lexus GX 460 Base,"12,088 mi.","$59,944",Fair,Used
2023 Lexus GX 460 460,"17,447 mi.","$57,988",Good,Used
2023 Lexus GX 460 Premium,"23,766 mi.","$54,988",Good,Used
2023 Lexus GX 460 GX 460,"12,718 mi.","$58,798",Good,Used
2023 Lexus GX 460 GX 460 Premium,"4,633 mi.","$64,988",Good,Used
2023 Lexus GX 460 Luxury,"12,622 mi.","$64,988",Fair,Used
2023 Lexus GX 460 Base,"32,723 mi.","$55,991",Good,Used
2023 Lexus GX 460 Luxury,"15,761 mi.","$59,800",Great,Used
2023 Lexus GX 460 Base,"3,518 mi.","$58,000",Good,Used
2023 Lexus GX 460 Base,"18,906 mi.","$56,900",Good,Used
2023 Lexus GX 460 Base,"2,551 mi.","$61,369",Good,Used
2023 Lexus GX 460 Luxury,"17,624 mi.","$65,608",Good,Used
2023 Lexus GX 460 Premium,"2,800 mi.","$62,000",Good,Used
2023 Lexus GX 460 Base,"24,314 mi.","$55,891",Good,Used
2023 Lexus GX 460 Premium,"8,000 mi.","$63,000",Good,Used
2023 Lexus GX 460 Base,"23,317 mi.","$56,034",Good,Used
2023 Lexus GX 460 Luxury,"1,782 mi.","$65,000",Good,Used
2023 Lexus GX 460 Base,"4,681 mi.","$63,497",Good,Used
2023 Lexus GX 460 Premium,"5,750 mi.","$59,988",Good,Used
2023 Lexus GX 460 Premium,"10,971 mi.","$63,995",Good,Used
2023 Lexus GX 460 Base,743 mi.,"$59,998",Good,Used
2023 Lexus GX 460 Base,"1,399 mi.","$60,988",Good,Used
2023 Lexus GX 460 Base,"10,197 mi.","$54,995",None,Used
2023 Lexus GX 460 Luxury,"22,563 mi.","$62,988",Fair,Used
2023 Lexus GX 460 Base,"9,076 mi.","$59,353",Good,Used
2023 Lexus GX 460 Base,"25,349 mi.","$60,458",Good,Used
2023 Lexus GX 460 Base,"7,445 mi.","$60,991",Good,Used
2023 Lexus GX 460 Base,None,"$67,060",None,New
2023 Lexus GX 460 Premium,"3,444 mi.","$58,942",Good,Used
2023 Lexus GX 460 Luxury,"26,112 mi.","$64,510",Fair,Used
2023 Lexus GX 460 Luxury,"39,135 mi.","$61,498",Fair,Used
2023 Lexus GX 460 Base,"38,385 mi.","$56,811",Good,Used
2023 Lexus GX 460 Luxury,"1,561 mi.","$66,988",Good,Used
2023 Lexus GX 460 Base,"3,734 mi.","$58,998",None,Used
2023 Lexus GX 460 Base,"5,624 mi.","$62,998",Good,Used
2023 Lexus GX 460 Luxury,"3,366 mi.","$65,995",Good,Used
2023 Lexus GX 460 Base,None,"$59,229",None,New
2023 Lexus GX 460 Luxury,None,"$74,215",None,New
2023 Lexus GX 460 Base,"4,568 mi.","$62,599",Good,Used
2023 Lexus GX 460 Premium,"1,861 mi.","$58,995",Great,Used
2023 Lexus GX 460 Luxury,"13,226 mi.","$65,195",Fair,Used
2023 Lexus GX 460 Base,"11,188 mi.","$59,500",Good,Used
2023 Lexus GX 460 Base,"1,038 mi.","$62,465",Good,Used
2023 Lexus GX 460 Luxury,"21,579 mi.","$67,000",Good,Used
2023 Lexus GX 460 Base,"5,535 mi.","$63,888",Good,Certified
2023 Lexus GX 460 Luxury,"12,696 mi.","$62,896",Good,Used
2023 Lexus GX 460 Base,"33,576 mi.","$55,366",Good,Used
2023 Lexus GX 460 Premium,"4,340 mi.","$60,900",Good,Used
2023 Lexus GX 460 Base,"4,057 mi.","$65,998",Good,Certified
2023 Lexus GX 460 Base,"19,205 mi.","$62,488",Good,Certified
2023 Lexus GX 460 Base,None,"$62,200",None,New
2023 Lexus GX 460 Luxury,"16,904 mi.","$70,998",Fair,Certified
2023 Lexus GX 460 Luxury,"48,845 mi.","$58,888",Fair,Used
2023 Lexus GX 460 Base,"7,698 mi.","$62,495",Good,Used
2023 Lexus GX 460 Base,"21,149 mi.","$58,387",Fair,Used
2023 Lexus GX 460 Base,None,"$62,145",None,New
2023 Lexus GX 460 Luxury,"6,681 mi.","$73,998",Fair,Certified
2023 Lexus GX 460 Luxury,None,"$70,152",None,New
2023 Lexus GX 460 GX 460 Premium,"12,441 mi.","$59,599",Fair,Used
2023 Lexus GX 460 Base,None,"$62,410",None,New
2023 Lexus GX 460 Base,"4,779 mi.","$59,900",Good,Used
2023 Lexus GX 460 Premium,"10,130 mi.","$59,980",Good,Used
2023 Lexus GX 460 Base,"2,799 mi.","$57,999",Good,Used
2023 Lexus GX 460 Base,None,"$62,191",None,New
2023 Lexus GX 460 Base,"8,440 mi.","$63,990",Fair,Used
2023 Lexus GX 460 Base,"10,421 mi.","$59,647",Fair,Used
2023 Lexus GX 460 Base,"5,915 mi.","$57,000",Good,Used
2023 Lexus GX 460 Luxury,"15,353 mi.","$59,987",Good,Used
2023 Lexus GX 460 Base,"28,057 mi.","$54,000",Good,Used
2023 Lexus GX 460 Base,None,"$61,645",None,New
2023 Lexus GX 460 Base,None,"$63,340",None,New
2023 Lexus GX 460,"7,521 mi.","$60,788",Good,Used
2023 Lexus GX 460 Base,"9,661 mi.","$66,281",Good,Used
2023 Lexus GX 460 Premium,"8,541 mi.","$60,999",Good,Used
2023 Lexus GX 460 Base,"27,159 mi.","$57,988",Good,Used
2023 Lexus GX 460 Base,"10,997 mi.","$57,697",Good,Used
2023 Lexus GX 460 Base,"49,491 mi.","$51,990",Good,Used
2023 Lexus GX 460 Luxury,None,"$73,755",None,New
2023 Lexus GX 460 Premium,"14,783 mi.","$58,995",Good,Used
2023 Lexus GX 460 Premium,"16,969 mi.","$58,495",Good,Used
2023 Lexus GX 460 Base,"24,275 mi.","$58,998",Good,Used
2023 Lexus GX 460 Base,"14,126 mi.","$58,990",Good,Used
2023 Lexus GX 460 Base,995 mi.,"$58,888",Good,Used
2023 Lexus GX 460 Base,None,"$62,145",None,New
2023 Lexus GX 460,"4,780 mi.","$61,888",Good,Used
2023 Lexus GX 460 Base,"12,128 mi.","$62,988",Good,Certified
2023 Lexus GX 460,"13,470 mi.","$59,500",Good,Used
2023 Lexus GX 460 Luxury,"7,632 mi.","$71,900",Fair,Used
2023 Lexus GX 460 Base,"9,408 mi.","$54,837",Good,Used
2023 Lexus GX 460 Base,"27,086 mi.","$54,888",Good,Used
2023 Lexus GX 460 Premium,"13,125 mi.","$61,377",None,Used
2023 Lexus GX 460 Luxury,"10,808 mi.","$62,900",Good,Used
2023 Lexus GX 460 Base,"9,331 mi.","$60,250",Good,Used
2023 Lexus GX 460 Base,"7,106 mi.","$63,988",Good,Certified
2023 Lexus GX 460 Base,"7,204 mi.","$64,998",Fair,Used
2023 Lexus GX 460 Base,"17,677 mi.","$60,998",Fair,Used
2023 Lexus GX 460 Base,"8,180 mi.","$62,255",Good,Used
2023 Lexus GX 460 Base,"8,387 mi.","$57,999",Good,Used
2023 Lexus GX 460 Premium,"21,785 mi.","$54,808",Good,Used
2023 Lexus GX 460 Base,"7,949 mi.","$57,452",Good,Used
2023 Lexus GX 460 Base,"11,324 mi.","$58,873",Fair,Used
2023 Lexus GX 460 Base,"20,372 mi.","$58,500",Good,Used
2023 Lexus GX 460 Base,748 mi.,"$62,526",Good,Used
2023 Lexus GX 460 Base,None,"$66,340",None,New
2023 Lexus GX 460 Base AWD 4dr SUV,"5,236 mi.","$56,900",Good,Used
2023 Lexus GX 460 Base,None,"$67,090",None,New
2023 Lexus GX 460 Base,"14,763 mi.","$59,998",Good,Used
2023 Lexus GX 460 Base,None,"$64,535",None,New
2023 Lexus GX 460 Base,"1,928 mi.","$59,997",Good,Used
2023 Lexus GX 460 Premium,"16,713 mi.","$57,977",Good,Used
2023 Lexus GX 460 Premium,"11,662 mi.","$56,983",Good,Used
2023 Lexus GX 460 Base,"9,770 mi.","$58,943",Good,Used
2023 Lexus GX 460 Base,"7,713 mi.","$59,459",Good,Used
2023 Lexus GX 460 GX 460 Premium,"9,599 mi.","$60,000",Good,Used
2023 Lexus GX 460 Premium,None,"$63,140",None,New
2023 Lexus GX 460 Base,None,"$63,955",None,New
2023 Lexus GX 460 Luxury,"11,303 mi.","$59,436",Good,Used
2023 Lexus GX 460 460,"13,971 mi.","$55,899",Good,Used
2023 Lexus GX 460 Base,"16,663 mi.","$55,990",Good,Used
2023 Lexus GX 460 Luxury,"26,765 mi.","$64,988",Good,Used
2023 Lexus GX 460 Base,"3,684 mi.","$60,998",Good,Used
2023 Lexus GX 460 Premium,"15,309 mi.","$54,790",Great,Used
2023 Lexus GX 460 Base,"36,295 mi.","$55,000",Fair,Used
2023 Lexus GX 460 Base,"9,190 mi.","$59,998",Good,Used
2023 Lexus GX 460 Base,"6,498 mi.","$63,975",Good,Used
2023 Lexus GX 460 Base,"8,988 mi.","$58,991",Good,Used
2023 Lexus GX 460 Base,"30,281 mi.","$57,695",Good,Used
2023 Lexus GX 460 Premium,"2,950 mi.","$60,488",Great,Used
2023 Lexus GX 460 Base,"21,439 mi.","$59,488",Good,Certified
2023 Lexus GX 460 Base,None,"$63,844",None,New
2023 Lexus GX 460 Base,"12,421 mi.","$62,988",Good,Certified
2023 Lexus GX 460 Base,"17,271 mi.","$59,991",Good,Used
2023 Lexus GX 460 GX 460 Premium,"8,589 mi.","$63,888",Good,Used
2023 Lexus GX 460 Base,"14,954 mi.","$61,488",Good,Certified
2023 Lexus GX 460 Premium,"32,001 mi.","$57,316",Good,Used
2023 Lexus GX 460 Luxury,"32,400 mi.","$62,850",Fair,Used
2023 Lexus GX 460 Luxury,"5,142 mi.","$68,995",Good,Used
2023 Lexus GX 460 Luxury,"29,350 mi.","$61,750",Good,Used
2023 Lexus GX 460 Base,"4,203 mi.","$60,998",Fair,Used
2023 Lexus GX 460 Base,"6,360 mi.","$59,876",Good,Used
2023 Lexus GX 460 Base,"6,832 mi.","$58,000",Good,Used
2023 Lexus GX 460 Base,"30,139 mi.","$55,800",Good,Used
2023 Lexus GX 460 Base,"7,460 mi.","$60,991",Good,Used
2023 Lexus GX 460 Luxury,"23,278 mi.","$62,899",None,Used
2014 Lexus GX 460 460,None,Not Priced,None,New
2014 Lexus GX 460 4WD / PREMIUM / NAVIGATION,"105,594 mi.","$25,595",None,Used
2014 Lexus GX 460 Base,"105,332 mi.","$24,990",Fair,Used
2014 Lexus GX 460 Luxury,"123,663 mi.","$24,999",Fair,Used
2014 Lexus GX 460 Base,"115,219 mi.","$22,998",None,Used
2014 Lexus GX 460 Base,"154,030 mi.","$21,100",None,Used
2014 Lexus GX 460 Base,"91,256 mi.","$25,999",None,Used
2015 Lexus GX 460 Base,None,"$25,987",None,New
2015 Lexus GX 460 Base,"110,057 mi.","$24,998",None,Used
2015 Lexus GX 460 Base,"62,003 mi.","$31,996",Fair,Used
2015 Lexus GX 460 Base,"165,965 mi.","$23,999",Fair,Used
2015 Lexus GX 460 Base,"152,015 mi.","$22,100",Fair,Used
2015 Lexus GX 460 Base,0 mi.,"$23,695",None,Used
2015 Lexus GX 460 Base,"75,957 mi.","$29,643",Good,Used
2015 Lexus GX 460 Base,"109,091 mi.","$26,400",Good,Used
2015 Lexus GX 460 Base,"148,787 mi.","$24,299",Fair,Used
2015 Lexus GX 460 460,"62,370 mi.","$27,850",Good,Used
2015 Lexus GX 460 Base,"101,486 mi.","$25,500",Good,Used
2015 Lexus GX 460 Base,"187,500 mi.","$19,903",None,Used
2015 Lexus GX 460 Base,"83,107 mi.","$25,899",Good,Used
2016 Lexus GX 460 Base,"76,321 mi.","$28,000",None,Used
2016 Lexus GX 460 Base,"100,085 mi.","$24,899",Good,Used
2016 Lexus GX 460 460,"76,642 mi.","$26,980",Good,Used
2016 Lexus GX 460,"50,082 mi.","$36,500",Good,Used
2016 Lexus GX 460 Base,"202,025 mi.","$24,436",Fair,Used
2016 Lexus GX 460 Base,"98,856 mi.","$34,995",Fair,Used
2016 Lexus GX 460 Base,"139,581 mi.","$24,900",Fair,Used
2016 Lexus GX 460 Base,"143,713 mi.",Not Priced,None,Used
2017 Lexus GX 460 Luxury,"101,450 mi.",Not Priced,None,Used
2017 Lexus GX 460 Base,"106,667 mi.","$27,961",Good,Used
2017 Lexus GX 460 Base,"125,570 mi.",Not Priced,None,Used
2017 Lexus GX 460 Base,"77,032 mi.","$32,999",Fair,Used
2017 Lexus GX 460 Luxury,"136,228 mi.","$26,500",Good,Used
2017 Lexus GX 460 Base,"64,061 mi.","$30,988",None,Used
2017 Lexus GX 460 Base,"76,285 mi.","$29,000",None,Used
2017 Lexus GX 460 Base,"70,295 mi.",Not Priced,None,Used
2017 Lexus GX 460 Base,None,"$32,060",None,Used
2017 Lexus GX 460 Base,"150,740 mi.",Not Priced,None,Used
2017 Lexus GX 460 Base,"64,715 mi.","$32,864",Good,Used
2017 Lexus GX 460 Base,"73,122 mi.","$31,291",None,Used
2017 Lexus GX 460 Base,"83,222 mi.","$26,888",Great,Used
2017 Lexus GX 460 460,"89,583 mi.","$28,455",Good,Used
2017 Lexus GX 460 460,"98,530 mi.","$27,500",None,Used
2018 Lexus GX 460 Base,"49,214 mi.","$35,900",Good,Used
2018 Lexus GX 460 Base,"106,982 mi.","$27,999",Good,Used
2018 Lexus GX 460 Base,"47,312 mi.","$33,499",Good,Used
2018 Lexus GX 460 Base,"70,987 mi.","$31,800",Good,Used
2018 Lexus GX 460 Base,1 mi.,"$36,873",None,Used
2018 Lexus GX 460 460,"56,586 mi.",Not Priced,None,Used
2018 Lexus GX 460 Base,"42,983 mi.","$35,990",Good,Used
2018 Lexus GX 460 Luxury,"87,656 mi.","$32,991",Good,Used
2018 Lexus GX 460 460,"74,376 mi.","$31,985",Good,Used
2018 Lexus GX 460 Base,"88,315 mi.","$28,899",Good,Used
2018 Lexus GX 460 Base,"86,567 mi.","$30,993",Good,Used
2018 Lexus GX 460 Luxury,"93,971 mi.","$34,916",Good,Used
2018 Lexus GX 460 Base,"85,225 mi.","$31,786",Good,Used
2018 Lexus GX 460 Base,"108,177 mi.","$30,995",Good,Used
2018 Lexus GX 460 Base,0 mi.,Not Priced,None,Used
2019 Lexus GX 460 Base,"68,989 mi.","$33,999",Fair,Used
2019 Lexus GX 460 Base,"70,536 mi.","$34,999",Good,Used
2019 Lexus GX 460 Base,"52,195 mi.","$35,900",None,Used
2019 Lexus GX 460 Base,"99,875 mi.","$36,162",Fair,Used
2019 Lexus GX 460 Base,"49,657 mi.","$36,450",Good,Used
2019 Lexus GX 460 Base,"25,776 mi.","$39,846",Good,Used
2019 Lexus GX 460 Base,"63,448 mi.","$33,990",Good,Used
2019 Lexus GX 460 Base,"52,073 mi.","$36,999",None,Used
2019 Lexus GX 460 Base,"35,195 mi.","$38,428",Good,Used
2019 Lexus GX 460 Base,"45,220 mi.","$39,999",Good,Used
2019 Lexus GX 460 Base,"68,852 mi.","$35,991",Good,Used
2019 Lexus GX 460 Luxury,"41,217 mi.","$40,811",Good,Used
2019 Lexus GX 460 Premium,"95,378 mi.","$30,950",None,Used
2019 Lexus GX 460 Base,"86,818 mi.",Not Priced,None,Used
2019 Lexus GX 460 GX 460,"26,334 mi.",Not Priced,None,Used
2019 Lexus GX 460 Base,"41,341 mi.","$33,990",Good,Used
2019 Lexus GX 460 Luxury,"59,200 mi.","$39,509",Good,Used
2019 Lexus GX 460,"25,323 mi.","$43,589",Good,Used
2019 Lexus GX 460 Base,"57,496 mi.","$36,500",Good,Used
2019 Lexus GX 460 Premium,"81,510 mi.","$31,600",Good,Used
2019 Lexus GX 460 Premium,"57,134 mi.","$35,480",Good,Used
2019 Lexus GX 460 Base,"71,782 mi.","$33,777",Good,Used
2019 Lexus GX 460 Premium,"60,392 mi.","$34,988",Great,Used
2019 Lexus GX 460 Base,"52,632 mi.","$37,699",Good,Used
2019 Lexus GX 460 Base,"46,361 mi.",Not Priced,None,Used
2019 Lexus GX 460 Base,"69,905 mi.","$30,988",Good,Used
2019 Lexus GX 460 Base,"15,187 mi.",Not Priced,None,Used
2020 Lexus GX 460 Base,"75,552 mi.","$34,896",Good,Used
2020 Lexus GX 460 Premium,"45,523 mi.","$45,950",Good,Used
2020 Lexus GX 460 Base,"33,507 mi.","$44,299",Good,Used
2020 Lexus GX 460 Premium,"54,210 mi.","$40,448",None,Used
2020 Lexus GX 460 Base,"41,369 mi.","$49,988",Fair,Certified
2020 Lexus GX 460 Base,"28,424 mi.","$40,000",Good,Used
2020 Lexus GX 460 Base,"45,022 mi.","$41,633",None,Used
2020 Lexus GX 460 Base,"70,771 mi.","$37,997",Good,Used
2020 Lexus GX 460 Base,"60,704 mi.","$39,883",Good,Used
2020 Lexus GX 460 Base,"56,781 mi.","$41,988",Good,Used
2020 Lexus GX 460 Base,"49,683 mi.","$38,241",Good,Used
2020 Lexus GX 460 Premium,"85,399 mi.","$38,000",Good,Used
2020 Lexus GX 460 Premium,"41,957 mi.","$44,940",Great,Used
2020 Lexus GX 460 Base,"45,418 mi.",Not Priced,None,Used
2020 Lexus GX 460 Base,"28,281 mi.","$49,999",Fair,Used
2020 Lexus GX 460 Base,"42,810 mi.","$42,820",Good,Used
2020 Lexus GX 460 Premium,"46,148 mi.","$44,880",Good,Used
2021 Lexus GX 460 Luxury,"53,773 mi.","$51,950",Good,Used
2021 Lexus GX 460 Base,"26,590 mi.","$49,983",Good,Used
2021 Lexus GX 460 Base,"27,123 mi.","$48,981",Good,Used
2021 Lexus GX 460 Base,"46,426 mi.",Not Priced,None,Used
2021 Lexus GX 460 Luxury,"40,071 mi.",Not Priced,None,Used
2021 Lexus GX 460 Base,"32,004 mi.","$48,998",Good,Used
2021 Lexus GX 460 Base,"25,046 mi.","$49,998",Good,Used
2021 Lexus GX 460 Luxury,"67,968 mi.","$46,894",Fair,Used
2021 Lexus GX 460 Base,"46,997 mi.","$49,716",Fair,Used
2021 Lexus GX 460 Base,"34,260 mi.","$43,846",Good,Used
2021 Lexus GX 460 Base,"33,071 mi.","$45,900",Good,Used
2021 Lexus GX 460 Premium,"34,700 mi.",Not Priced,None,Used
2021 Lexus GX 460 Base,"43,000 mi.","$45,356",Good,Used
2021 Lexus GX 460 Base,"53,010 mi.",Not Priced,None,Used
2021 Lexus GX 460,"30,681 mi.","$45,739",Good,Used
2021 Lexus GX 460 Base,"51,134 mi.","$41,989",Good,Used
2021 Lexus GX 460 Base,"35,601 mi.","$46,999",Good,Used
2021 Lexus GX 460 Base,"29,614 mi.","$49,998",Good,Used
2021 Lexus GX 460 Base,"35,838 mi.",Not Priced,None,Used
2021 Lexus GX 460 Premium,"11,886 mi.","$48,168",None,Used
2021 Lexus GX 460 Premium,"24,528 mi.","$46,997",Good,Used
2021 Lexus GX 460 Premium,"59,180 mi.",Not Priced,None,Used
2021 Lexus GX 460 Base,"31,877 mi.",Not Priced,None,Used
2021 Lexus GX 460 Base,"26,995 mi.","$48,100",Fair,Used
2021 Lexus GX 460 Premium,"33,748 mi.","$47,900",Fair,Used
2021 Lexus GX 460 Base,"27,624 mi.",Not Priced,None,Used
2021 Lexus GX 460 Base,"10,120 mi.","$49,990",None,Used
2021 Lexus GX 460 Base,"29,011 mi.",Not Priced,None,Used
2021 Lexus GX 460 GX 460 Premium,"27,488 mi.","$46,999",Good,Used
2021 Lexus GX 460 Luxury,"36,328 mi.",Not Priced,None,Used
2021 Lexus GX 460,"24,463 mi.",Not Priced,None,Used
2021 Lexus GX 460 Premium,"39,750 mi.","$48,000",Good,Used
2021 Lexus GX 460 Base,"45,003 mi.","$44,988",Good,Used
2021 Lexus GX 460 Base,"39,804 mi.","$46,985",Good,Used
2021 Lexus GX 460 Base,"15,233 mi.","$46,509",Good,Used
2021 Lexus GX 460 Base,"44,125 mi.","$44,900",Good,Used
2021 Lexus GX 460 Base,"41,622 mi.","$50,910",Fair,Used
2021 Lexus GX 460 Base,"38,800 mi.","$50,564",Fair,Used
2021 Lexus GX 460,"41,260 mi.","$48,590",Good,Used
2021 Lexus GX 460 Base,"42,532 mi.","$46,990",Good,Used
2021 Lexus GX 460 Base,"37,411 mi.","$49,940",Good,Used
2021 Lexus GX 460 Base,"18,651 mi.","$45,000",Good,Used
2021 Lexus GX 460 Premium,"36,566 mi.","$44,897",Good,Used
2021 Lexus GX 460 Base,"34,952 mi.","$42,904",Good,Used
2021 Lexus GX 460 Base,"77,849 mi.",Not Priced,None,Used
2021 Lexus GX 460 Base,"43,555 mi.","$47,950",Good,Used
2021 Lexus GX 460 Base,"24,881 mi.","$49,000",Good,Used
2022 Lexus GX 460 Base,None,"$64,335",None,New
2022 Lexus GX 460 Base,"42,874 mi.","$50,490",Good,Used
2022 Lexus GX 460 Luxury,"27,453 mi.","$55,890",Good,Used
2022 Lexus GX 460 Luxury,"17,635 mi.","$57,517",Good,Used
2022 Lexus GX 460 Base,"34,790 mi.","$52,495",Good,Used
2022 Lexus GX 460 Base,"20,830 mi.","$54,064",Fair,Used
2022 Lexus GX 460 Base,"25,546 mi.","$52,833",Good,Used
2022 Lexus GX 460,"22,837 mi.",Not Priced,None,Used
2022 Lexus GX 460 460,"41,460 mi.","$53,967",None,Used
2022 Lexus GX 460 Premium,"26,701 mi.","$53,799",Good,Used
2022 Lexus GX 460 Base,"20,106 mi.","$55,200",None,Used
2022 Lexus GX 460 Base,"45,401 mi.","$48,999",Good,Used
2022 Lexus GX 460 460,"40,348 mi.","$52,742",Good,Used
2022 Lexus GX 460 Luxury,"19,885 mi.","$55,998",None,Used
2022 Lexus GX 460 Luxury,"44,269 mi.","$53,751",Fair,Used
2022 Lexus GX 460 Premium,"13,995 mi.","$56,023",Good,Used
2022 Lexus GX 460 Base,"7,455 mi.","$57,598",Good,Used
2022 Lexus GX 460 Base,"28,293 mi.","$50,136",Good,Used
2022 Lexus GX 460 Base,"9,114 mi.",Not Priced,None,Used
2022 Lexus GX 460 Base,"61,368 mi.","$52,978",Fair,Used
2022 Lexus GX 460 Base,"38,949 mi.","$52,500",Good,Used
2022 Lexus GX 460,"22,086 mi.","$55,000",Fair,Used
2022 Lexus GX 460 Base,"31,462 mi.","$57,998",Fair,Certified
2022 Lexus GX 460 Base,"27,918 mi.","$52,888",Good,Used
2022 Lexus GX 460 Base,"26,518 mi.","$54,991",Fair,Used
2022 Lexus GX 460 Base,"11,438 mi.",Not Priced,None,Used
2023 Lexus GX 460 Base,None,"$65,100",None,New
2023 Lexus GX 460 Luxury,None,"$73,960",None,New
2023 Lexus GX 460 Base,None,"$64,550",None,New
2023 Lexus GX 460 Base,None,"$65,075",None,New
2023 Lexus GX 460 Base,None,"$67,340",None,New
2023 Lexus GX 460 Base,None,"$67,175",None,New
2023 Lexus GX 460 Base,None,"$64,945",None,New
2023 Lexus GX 460 Luxury,None,"$72,275",None,New
2023 Lexus GX 460 Base,None,"$62,505",None,New
2023 Lexus GX 460 Base,None,"$66,820",None,New
2023 Lexus GX 460 Base,None,"$65,395",None,New
2023 Lexus GX 460 Base,None,"$65,540",None,New
2023 Lexus GX 460 Base,None,"$67,770",None,New
2023 Lexus GX 460 Base,None,"$67,340",None,New
2023 Lexus GX 460 Base,None,"$59,945",None,New
2023 Lexus GX 460 Luxury,None,"$73,960",None,New
2023 Lexus GX 460 Base,None,"$68,115",None,New
2023 Lexus GX 460 Base,None,"$68,115",None,New
2023 Lexus GX 460 Base,None,"$68,115",None,New
2023 Lexus GX 460 Base,None,"$64,780",None,New
2023 Lexus GX 460 Base,None,"$66,925",None,New
2023 Lexus GX 460,None,"$60,024",None,New
2023 Lexus GX 460,None,"$58,107",None,New
2023 Lexus GX 460 Base,None,"$67,490",None,New
2023 Lexus GX 460 Base,None,"$64,385",None,New
2023 Lexus GX 460 Base,None,"$65,510",None,New
2023 Lexus GX 460 Base,None,"$61,510",None,New
2023 Lexus GX 460 Premium,None,"$65,005",None,New
2023 Lexus GX 460 Luxury,9 mi.,"$67,488",None,Used
2023 Lexus GX 460 Base,"8,438 mi.","$62,495",Good,Used
2023 Lexus GX 460 Base,"26,344 mi.","$61,871",Fair,Used
2023 Lexus GX 460 Base,"7,953 mi.","$59,990",None,Used
2023 Lexus GX 460 Base,5 mi.,"$65,390",None,Used
2023 Lexus GX 460 Base,"3,178 mi.","$59,500",Good,Used
2023 Lexus GX 460 Base,None,Not Priced,None,New
2023 Lexus GX 460 Base,2 mi.,"$64,900",None,Used
2023 Lexus GX 460 Luxury,"32,191 mi.","$62,999",Good,Used
2023 Lexus GX 460 Base,55 mi.,Not Priced,None,Used
2023 Lexus GX 460 Base,5 mi.,"$63,855",None,Used
2023 Lexus GX 460 Base,"14,347 mi.","$60,097",None,Used
2023 Lexus GX 460,"6,657 mi.","$59,500",Good,Used
2023 Lexus GX 460 Base,"4,814 mi.",Not Priced,None,Used
2023 Lexus GX 460 Premium,"25,815 mi.","$60,999",Good,Used
2023 Lexus GX 460 Base,"19,950 mi.",Not Priced,None,Used
2023 Lexus GX 460 Luxury,"21,905 mi.","$67,790",Fair,Used
2023 Lexus GX 460 Premium,"15,184 mi.","$59,976",Good,Used
2023 Lexus GX 460 Luxury,"20,178 mi.","$62,972",Good,Used
2023 Lexus GX 460,"20,031 mi.","$60,895",Fair,Used
2023 Lexus GX 460 Base,"9,098 mi.","$58,998",Good,Used
2023 Lexus GX 460 Base,None,"$64,450",None,New
2023 Lexus GX 460 Base,9 mi.,"$59,488",None,Used
2023 Lexus GX 460 Base,0 mi.,Not Priced,None,Used
2023 Lexus GX 460 Base,3 mi.,"$62,888",None,Used
2023 Lexus GX 460 Premium,"3,030 mi.","$60,597",Good,Used
2023 Lexus GX 460 Base,5 mi.,"$62,630",None,Used
2023 Lexus GX 460 Luxury,"11,211 mi.","$62,856",Good,Used
2023 Lexus GX 460 Luxury,"13,373 mi.","$62,599",Good,Used
2023 Lexus GX 460 Base,"2,948 mi.",Not Priced,None,Used
2023 Lexus GX 460 Base,"9,074 mi.","$58,500",Good,Used
2023 Lexus GX 460 Base,"13,725 mi.","$61,950",Fair,Used
2023 Lexus GX 460 Luxury,None,Not Priced,None,New
2023 Lexus GX 460 Base,"25,028 mi.","$57,119",Good,Used
2023 Lexus GX 460 Base,"2,243 mi.","$60,985",Good,Used
2023 Lexus GX 460 Base,"13,622 mi.","$59,888",Good,Used
2023 Lexus GX 460 Base,"7,285 mi.","$61,860",Good,Used
2023 Lexus GX 460 Premium,"8,082 mi.","$56,990",Great,Used
2023 Lexus GX 460 Base,"14,855 mi.","$54,777",None,Used
2023 Lexus GX 460,None,Not Priced,None,New
2023 Lexus GX 460 Premium,"2,631 mi.","$55,990",None,Used
