None,"51,562 mi.","$36,497",Good
2014 Lexus GX 460 Base,"116,480 mi.","$23,987",Fair
2014 Lexus GX 460 460,"118,131 mi.","$22,490",Good
2014 Lexus GX 460 Luxury,"133,167 mi.","$24,744",Fair
2014 Lexus GX 460 Base,"124,481 mi.","$21,488",None
2014 Lexus GX 460 Base,"106,325 mi.","$27,995",Fair
2014 Lexus GX 460 Luxury,"134,308 mi.","$23,895",Fair
2014 Lexus GX 460 Luxury,"98,000 mi.","$28,900",Fair
2014 Lexus GX 460 Base,"96,889 mi.","$29,995",Fair
2014 Lexus GX 460 Luxury,"72,571 mi.","$26,995",Good
2014 Lexus GX 460 Base,"176,070 mi.","$20,944",Fair
2014 Lexus GX 460 4WD,"171,350 mi.","$19,995",Good
2014 Lexus GX 460 Base,"138,769 mi.","$20,995",Good
2014 Lexus GX 460 Base,"101,161 mi.","$23,995",Fair
2014 Lexus GX 460 Base,"81,806 mi.","$24,993",Good
2014 Lexus GX 460 Base,"75,855 mi.","$26,399",Fair
2014 Lexus GX 460 Base,"101,005 mi.","$25,196",Fair
2014 Lexus GX 460 Base,"156,390 mi.","$20,999",Good
2014 Lexus GX 460 Sport Utility,"77,527 mi.","$25,943",Good
2014 Lexus GX 460 460,"69,396 mi.","$27,500",Fair
2014 Lexus GX 460 Base,"72,750 mi.","$25,890",Good
2014 Lexus GX 460 Luxury,"86,085 mi.","$26,387",Good
2014 Lexus GX 460 Base,"73,136 mi.","$26,555",Good
2014 Lexus GX 460 Base,"84,057 mi.","$26,991",Good
2014 Lexus GX 460 Base,"140,243 mi.","$22,999",Fair
2014 Lexus GX 460 Base,"153,858 mi.","$26,999",None
2014 Lexus GX 460 Base,"155,698 mi.","$24,998",None
2014 Lexus GX 460 Base,"151,379 mi.","$20,995",Fair
2014 Lexus GX 460 Luxury,"108,464 mi.","$23,995",Fair
2014 Lexus GX 460 Base,"115,733 mi.","$23,850",Fair
2014 Lexus GX 460 Base,"97,592 mi.","$21,999",Good
2014 Lexus GX 460 Base,"95,148 mi.","$25,980",Fair
2014 Lexus GX 460 Premium w/ Navigation BSM,"85,673 mi.","$25,595",Good
2014 Lexus GX 460 GX 460 Sport Utility 4D,"77,160 mi.","$25,699",Good
2014 Lexus GX 460 Base,"129,477 mi.","$21,995",Good
2014 Lexus GX 460 Base,"89,309 mi.","$29,995",Fair
2014 Lexus GX 460 Base,"163,847 mi.","$19,481",Fair
2014 Lexus GX 460 Luxury,"122,575 mi.","$25,998",Good
2014 Lexus GX 460 Luxury,"164,096 mi.","$20,999",Fair
2014 Lexus GX 460 Base,"164,363 mi.","$21,364",None
2014 Lexus GX 460 Base,"112,520 mi.","$25,988",Fair
2014 Lexus GX 460 Base,"88,314 mi.","$24,495",Good
2014 Lexus GX 460 GX 460 Sport Utility 4D,"98,534 mi.","$22,995",Good
2014 Lexus GX 460 Luxury,"105,824 mi.","$27,995",Fair
2014 Lexus GX 460 Base,"103,873 mi.","$21,991",Fair
2014 Lexus GX 460 Base,"107,971 mi.","$23,978",Fair
2014 Lexus GX 460 Luxury,"129,061 mi.","$22,995",Fair
2014 Lexus GX 460 Base,"159,305 mi.","$22,350",Fair
2014 Lexus GX 460 GX 460 Sport Utility 4D,"132,421 mi.","$21,499",Good
2014 Lexus GX 460 Base,"75,768 mi.","$26,499",Fair
2014 Lexus GX 460 Luxury,"170,995 mi.","$21,785",Good
2014 Lexus GX 460 460,"69,367 mi.","$24,988",Good
2014 Lexus GX 460 Base,"175,802 mi.","$18,000",Fair
2015 Lexus GX 460 Luxury,"113,020 mi.","$26,247",Good
2015 Lexus GX 460 Base,"34,339 mi.","$33,998",Good
2015 Lexus GX 460 Luxury,"136,138 mi.","$22,999",Great
2015 Lexus GX 460 GX 460 Sport Utility 4D,"110,223 mi.","$22,995",Great
2015 Lexus GX 460 4WD 4dr,"101,007 mi.","$21,500",Good
2015 Lexus GX 460 Base,"90,850 mi.","$29,991",Fair
2015 Lexus GX 460 Base,"74,879 mi.","$29,998",Good
2015 Lexus GX 460 Base AWD 4dr SUV,"105,336 mi.","$24,990",Good
2015 Lexus GX 460 Base AWD 4dr SUV,"176,052 mi.","$20,488",Good
2015 Lexus GX 460 Base,"68,209 mi.","$32,240",Fair
2015 Lexus GX 460 Base,"151,694 mi.","$24,995",Fair
2015 Lexus GX 460 460,"93,334 mi.","$25,000",Good
2015 Lexus GX 460 Base,"80,166 mi.","$24,810",Good
2015 Lexus GX 460 460,"117,697 mi.","$23,407",Fair
2015 Lexus GX 460 Base,"110,000 mi.","$22,995",Good
2015 Lexus GX 460 Base,"171,747 mi.","$23,777",Fair
2015 Lexus GX 460 Base,"86,917 mi.","$27,281",Good
2015 Lexus GX 460 Base,"138,473 mi.","$20,444",Good
2015 Lexus GX 460 Base,"165,198 mi.","$20,997",Good
2015 Lexus GX 460 Base,"77,320 mi.","$28,998",Great
2015 Lexus GX 460 GX 460 Sport Utility 4D,"106,099 mi.","$24,702",Good
2015 Lexus GX 460 Base,"120,000 mi.","$22,995",Good
2015 Lexus GX 460 Base,"61,847 mi.","$30,998",Good
2015 Lexus GX 460 Base,"91,000 mi.","$28,200",Fair
2015 Lexus GX 460 Luxury,"73,012 mi.","$30,674",Good
2015 Lexus GX 460 460,"132,628 mi.","$18,995",Great
2015 Lexus GX 460 Luxury,"87,079 mi.","$29,995",Fair
2015 Lexus GX 460 Base,"104,988 mi.","$29,998",Fair
2015 Lexus GX 460 Base,"86,249 mi.","$26,500",Good
2015 Lexus GX 460 460,"92,185 mi.","$26,618",Good
2015 Lexus GX 460 GX 460 Sport Utility 4D,"118,303 mi.","$24,999",Good
2015 Lexus GX 460 Luxury,"191,905 mi.","$20,650",Fair
2015 Lexus GX 460 Base,"101,153 mi.","$25,995",Good
2015 Lexus GX 460 Base,"62,391 mi.","$29,995",Fair
2015 Lexus GX 460 460,"104,340 mi.","$27,000",Good
2015 Lexus GX 460 Luxury,"144,008 mi.","$21,999",Good
2015 Lexus GX 460 4WD 4dr,"94,170 mi.","$27,950",Fair
2015 Lexus GX 460 Base,"165,282 mi.","$18,500",Good
2015 Lexus GX 460 Luxury,"95,696 mi.","$25,848",Good
2015 Lexus GX 460 460,"92,195 mi.","$24,999",Good
2015 Lexus GX 460 Base,"90,871 mi.","$24,995",Good
2015 Lexus GX 460 Base,"138,118 mi.","$25,990",Good
2015 Lexus GX 460 Base,"50,109 mi.","$28,990",Good
2015 Lexus GX 460 Base,"91,805 mi.","$25,998",Good
2015 Lexus GX 460 Base,"114,926 mi.","$22,900",Good
2015 Lexus GX 460 Luxury,"81,217 mi.","$28,998",Good
2015 Lexus GX 460 Luxury AWD 4dr SUV,"84,148 mi.","$29,756",Fair
2015 Lexus GX 460 Base,"99,870 mi.","$24,995",Good
2015 Lexus GX 460 Luxury,"115,594 mi.","$24,598",Good
2015 Lexus GX 460 Base,"125,035 mi.","$21,488",Good
2015 Lexus GX 460 Base,"104,653 mi.","$25,998",Good
2015 Lexus GX 460 Base,"139,507 mi.","$31,995",Fair
2015 Lexus GX 460 Luxury,"135,383 mi.","$23,994",Good
2015 Lexus GX 460,"139,557 mi.","$23,498",Good
2015 Lexus GX 460 Base,"122,637 mi.","$22,995",Good
2015 Lexus GX 460 Luxury,"62,779 mi.","$33,990",Fair
2015 Lexus GX 460 Base,"165,000 mi.","$20,499",Good
2015 Lexus GX 460 Luxury,"128,242 mi.","$24,999",Good
2015 Lexus GX 460 460,"128,583 mi.","$21,174",Good
2015 Lexus GX 460 Base,"109,242 mi.","$22,779",Good
2015 Lexus GX 460 Luxury,"110,362 mi.","$23,799",Good
2015 Lexus GX 460 Base,"67,500 mi.","$28,400",Good
2015 Lexus GX 460 Luxury,"77,985 mi.","$28,699",Good
2015 Lexus GX 460 Base,"190,829 mi.","$18,000",Good
2015 Lexus GX 460 Luxury,"85,753 mi.","$28,995",Good
2015 Lexus GX 460 Base,"98,830 mi.","$26,952",Good
2015 Lexus GX 460 460,"141,756 mi.","$21,700",Good
2015 Lexus GX 460 4WD 4dr,"91,360 mi.","$25,888",Good
2015 Lexus GX 460 Base,"97,908 mi.","$24,977",Good
2015 Lexus GX 460 Base,"135,390 mi.","$25,900",Fair
2015 Lexus GX 460 Base,"141,000 mi.","$24,699",None
2015 Lexus GX 460 Luxury,"111,336 mi.","$27,599",Fair
2016 Lexus GX 460 460,"106,649 mi.","$22,412",Good
2016 Lexus GX 460 Base,"98,668 mi.","$26,468",Good
2016 Lexus GX 460 Base,"99,912 mi.","$26,998",Great
2016 Lexus GX 460 GX 460 Sport Utility 4D,"172,498 mi.","$19,995",Great
2016 Lexus GX 460 Base,"96,422 mi.","$27,991",Good
2016 Lexus GX 460 Base,"81,559 mi.","$29,998",Good
2016 Lexus GX 460 Base,"58,957 mi.","$29,999",Good
2016 Lexus GX 460 Base AWD 4dr SUV,"79,000 mi.","$26,750",None
2016 Lexus GX 460 Base,"171,947 mi.","$23,397",Fair
2016 Lexus GX 460 460,"112,061 mi.","$25,640",Good
2016 Lexus GX 460 Base,"73,094 mi.","$22,500",Great
2016 Lexus GX 460 GX 460 Sport Utility 4D,"94,012 mi.","$26,750",Great
2016 Lexus GX 460 Base,"78,378 mi.","$28,202",Good
2016 Lexus GX 460,"94,869 mi.","$27,497",Good
2016 Lexus GX 460 Base,"56,263 mi.","$26,840",Great
2016 Lexus GX 460 Base,"98,594 mi.","$23,900",Great
2016 Lexus GX 460 Luxury,"82,595 mi.","$27,784",Good
2016 Lexus GX 460,"79,037 mi.","$30,000",Good
2016 Lexus GX 460 Base,"135,875 mi.","$24,790",Good
2016 Lexus GX 460 460,"45,840 mi.","$32,987",Good
2016 Lexus GX 460 460,"90,479 mi.","$26,500",None
2016 Lexus GX 460 Base,"87,448 mi.","$28,999",Good
2016 Lexus GX 460 Base,"117,658 mi.","$27,459",Fair
2016 Lexus GX 460 460,"128,979 mi.","$22,500",Good
2016 Lexus GX 460 Luxury,"86,809 mi.","$27,000",Good
2016 Lexus GX 460 Base,"78,783 mi.","$27,999",Good
2016 Lexus GX 460,"168,551 mi.","$22,995",Good
2016 Lexus GX 460 Luxury,"57,259 mi.","$29,991",Good
2016 Lexus GX 460 Base,"72,446 mi.","$29,000",Good
2016 Lexus GX 460 Base,"97,079 mi.","$26,888",Good
2016 Lexus GX 460 Base,"56,463 mi.","$31,559",Good
2016 Lexus GX 460 Luxury,"119,856 mi.","$26,995",Good
2016 Lexus GX 460 Base,"74,944 mi.","$25,499",Good
2016 Lexus GX 460 Luxury,"86,162 mi.","$29,470",Good
2016 Lexus GX 460 Base,"65,800 mi.","$28,400",Good
2016 Lexus GX 460 4WD 4dr,"111,817 mi.","$21,490",Good
2016 Lexus GX 460 Luxury,"129,435 mi.","$21,544",Good
2016 Lexus GX 460 Luxury,"79,650 mi.","$24,991",Fair
2016 Lexus GX 460 Base,"89,804 mi.","$22,979",Good
2016 Lexus GX 460 Luxury,"83,921 mi.","$28,998",Good
2016 Lexus GX 460,"100,019 mi.","$26,447",Good
2016 Lexus GX 460 Base (A6),"140,551 mi.","$22,885",Good
2016 Lexus GX 460 Luxury,"48,299 mi.","$35,946",Good
2016 Lexus GX 460 GX 460 Sport Utility 4D,"70,193 mi.","$29,995",Good
2016 Lexus GX 460 Base,"106,459 mi.","$23,995",Good
2016 Lexus GX 460 Base,"154,802 mi.","$20,111",Good
2016 Lexus GX 460 Luxury,"67,564 mi.","$31,841",Good
2016 Lexus GX 460 Base,"152,761 mi.","$19,997",Good
2016 Lexus GX 460 Base,"154,636 mi.","$20,500",Good
2016 Lexus GX 460 GX 460 Sport Utility 4D,"79,360 mi.","$25,995",Good
2016 Lexus GX 460 Base,"101,055 mi.","$24,426",Good
2016 Lexus GX 460 Base,"105,560 mi.","$26,290",Good
2016 Lexus GX 460 Base,"94,076 mi.","$28,550",Good
2016 Lexus GX 460 Base,"146,035 mi.","$24,995",Good
2016 Lexus GX 460 460,"100,772 mi.","$26,500",Good
2016 Lexus GX 460 Base,"151,503 mi.","$23,595",Good
2016 Lexus GX 460 Luxury,"84,411 mi.","$30,495",Great
2016 Lexus GX 460 Base,"90,523 mi.","$27,870",Good
2016 Lexus GX 460 Base,"115,502 mi.","$24,888",Good
2016 Lexus GX 460 460,"87,965 mi.","$25,555",Good
2016 Lexus GX 460 Luxury,"113,623 mi.","$27,995",Good
2016 Lexus GX 460 460,"97,156 mi.","$25,992",Good
2016 Lexus GX 460 Base,"80,222 mi.","$28,456",Good
2016 Lexus GX 460 Base,"51,469 mi.","$29,748",Good
2016 Lexus GX 460 460,"128,288 mi.","$24,285",Good
2016 Lexus GX 460 460,"74,827 mi.","$27,818",Great
2016 Lexus GX 460 Base,"135,720 mi.","$21,995",Good
2016 Lexus GX 460 Luxury,"118,424 mi.","$25,555",Great
2016 Lexus GX 460 Base,"42,000 mi.","$33,777",Good
2016 Lexus GX 460 Base,"54,048 mi.","$21,999",None
2016 Lexus GX 460 Luxury,"116,873 mi.","$22,995",Good
2017 Lexus GX 460 460,"114,452 mi.","$23,285",Good
2017 Lexus GX 460 Base,"78,749 mi.","$29,978",Good
2017 Lexus GX 460 Base,"112,662 mi.","$25,527",Great
2017 Lexus GX 460 GX 460,"52,157 mi.","$29,500",Great
2017 Lexus GX 460 460,"89,679 mi.","$26,322",Good
2017 Lexus GX 460 Base,"87,515 mi.","$31,900",Good
2017 Lexus GX 460 Base,"76,062 mi.","$32,901",Good
2017 Lexus GX 460 Base,"64,435 mi.","$31,884",Good
2017 Lexus GX 460 Base,"143,991 mi.","$25,399",Good
2017 Lexus GX 460 Base,"52,054 mi.","$32,000",Good
2017 Lexus GX 460 Luxury,"38,865 mi.","$32,500",Good
2017 Lexus GX 460 Base,"85,032 mi.","$29,401",Good
2017 Lexus GX 460 Base,"72,986 mi.","$30,750",Good
2017 Lexus GX 460 Base,"65,631 mi.","$32,590",Good
2017 Lexus GX 460 Base,"82,344 mi.","$25,499",Good
2017 Lexus GX 460 Base,"97,067 mi.","$27,393",Great
2017 Lexus GX 460 Luxury,"86,568 mi.","$29,000",Good
2017 Lexus GX 460 Luxury,"118,127 mi.","$39,995",None
2017 Lexus GX 460 Luxury,"89,957 mi.","$30,987",Good
2017 Lexus GX 460 GX 460 Sport Utility 4D,"96,256 mi.","$30,900",Fair
2017 Lexus GX 460 GX 460 4WD,"85,278 mi.","$28,995",Good
2017 Lexus GX 460 460,"95,442 mi.","$26,995",Good
2017 Lexus GX 460 Base,"100,971 mi.","$28,800",Good
2017 Lexus GX 460 GX 460,"133,990 mi.","$23,668",Good
2017 Lexus GX 460 460 Luxury,"107,300 mi.","$26,317",Good
2017 Lexus GX 460 GX 460 Sport Utility 4D,"97,898 mi.","$26,990",Good
2017 Lexus GX 460 Base,"81,549 mi.","$29,578",Good
2017 Lexus GX 460 Base,"84,108 mi.","$29,995",Good
2017 Lexus GX 460 460,"95,801 mi.","$24,372",Great
2017 Lexus GX 460 Base,"80,873 mi.","$30,277",Great
2017 Lexus GX 460 460,"84,248 mi.","$29,500",Good
2017 Lexus GX 460 Luxury,"109,816 mi.","$31,777",Fair
2017 Lexus GX 460 Base,"81,745 mi.","$29,999",Good
2017 Lexus GX 460 Base,"54,437 mi.","$30,500",Great
2017 Lexus GX 460 Base,"73,702 mi.","$29,690",Good
2017 Lexus GX 460 Base,"88,676 mi.","$28,599",Good
2017 Lexus GX 460 Base,"79,648 mi.","$28,549",Good
2017 Lexus GX 460 Base,"50,752 mi.","$31,998",None
2017 Lexus GX 460 Base,"120,432 mi.","$24,488",Good
2017 Lexus GX 460 Base,"85,539 mi.","$28,999",Good
2017 Lexus GX 460 460,"70,041 mi.","$30,993",Good
2017 Lexus GX 460 460,"103,223 mi.","$24,598",Good
2017 Lexus GX 460 Base,"101,147 mi.","$26,995",Good
2017 Lexus GX 460 Base,"79,463 mi.","$30,897",Good
2017 Lexus GX 460 460,"118,235 mi.","$24,995",Good
2017 Lexus GX 460 Base,"88,036 mi.","$30,995",Good
2017 Lexus GX 460 GX 460,"69,920 mi.","$29,495",Good
2017 Lexus GX 460 GX 460,"66,937 mi.","$32,950",Good
2017 Lexus GX 460 460,"65,731 mi.","$29,998",Good
2017 Lexus GX 460 Luxury,"101,433 mi.","$26,900",Good
2017 Lexus GX 460 Base,"67,635 mi.","$27,998",Great
2017 Lexus GX 460 460,"60,074 mi.","$30,488",Good
2017 Lexus GX 460 Base,"133,190 mi.","$25,900",Good
2017 Lexus GX 460 Base,"78,377 mi.","$32,988",Fair
2017 Lexus GX 460 Base,"81,088 mi.","$28,982",Good
2017 Lexus GX 460 Base,"158,032 mi.","$19,898",Good
2017 Lexus GX 460 Base,"85,537 mi.","$28,998",Good
2017 Lexus GX 460 Base,"105,310 mi.","$25,858",Good
2017 Lexus GX 460 Base,"91,055 mi.","$27,500",Great
2017 Lexus GX 460 Base,"126,808 mi.","$29,896",Fair
2017 Lexus GX 460 GX 460,"48,927 mi.","$27,995",Good
2017 Lexus GX 460 Base,"62,983 mi.","$34,990",Good
2017 Lexus GX 460 Luxury,"97,260 mi.","$30,955",Good
2017 Lexus GX 460 Base,"98,056 mi.","$28,898",Good
2017 Lexus GX 460 Luxury,"91,031 mi.","$30,000",Good
2017 Lexus GX 460 Luxury,"115,582 mi.","$27,995",Good
2017 Lexus GX 460 GX 460,"98,226 mi.","$29,980",Good
2017 Lexus GX 460 Base,"76,080 mi.","$31,998",Good
2017 Lexus GX 460 Base,"54,422 mi.","$31,499",Good
2017 Lexus GX 460 Luxury,"46,551 mi.","$34,000",Good
2017 Lexus GX 460 Base AWD 4dr SUV,"96,347 mi.","$28,995",Good
2017 Lexus GX 460 460,"70,653 mi.","$23,997",Good
2017 Lexus GX 460 Base,"73,959 mi.","$34,998",Fair
2017 Lexus GX 460 GX 460 Luxury,"89,264 mi.","$30,895",Great
2017 Lexus GX 460 460,"90,433 mi.","$29,900",Fair
2017 Lexus GX 460 Base,"100,506 mi.","$26,999",Good
2017 Lexus GX 460 Luxury,"105,690 mi.","$25,996",Good
2017 Lexus GX 460 Base,"59,581 mi.","$31,500",Good
2017 Lexus GX 460 460,"85,867 mi.","$27,795",Good
2017 Lexus GX 460 Base,"94,745 mi.","$26,999",Good
2017 Lexus GX 460 Base,"60,400 mi.","$24,499",Great
2018 Lexus GX 460 GX 460,"50,286 mi.","$31,998",Good
2018 Lexus GX 460 Luxury,"63,773 mi.","$39,998",Good
2018 Lexus GX 460 460,"88,136 mi.","$27,877",Good
2018 Lexus GX 460 Base,"58,593 mi.","$34,491",Good
2018 Lexus GX 460 Luxury,"62,605 mi.","$37,500",Good
2018 Lexus GX 460 Base,"74,959 mi.","$32,864",Good
2018 Lexus GX 460 Base,"37,118 mi.","$37,995",Good
2018 Lexus GX 460 Luxury,"113,702 mi.","$27,495",Good
2018 Lexus GX 460 GX 460 Premium,"77,723 mi.","$30,500",Great
2018 Lexus GX 460 GX 460,"93,274 mi.","$30,998",Good
2018 Lexus GX 460 Luxury,"82,050 mi.","$34,995",Good
2018 Lexus GX 460 Luxury,"95,667 mi.","$30,684",Good
2018 Lexus GX 460 Luxury,"46,997 mi.","$39,881",Good
2018 Lexus GX 460 Base,"50,324 mi.","$36,999",Good
2018 Lexus GX 460 Base,"83,901 mi.","$29,969",Fair
2018 Lexus GX 460 Base,"119,030 mi.","$24,997",Great
2018 Lexus GX 460 Base,"108,760 mi.","$27,855",Good
2018 Lexus GX 460 460,"52,830 mi.","$36,995",Good
2018 Lexus GX 460 460,"19,302 mi.","$43,995",Good
2018 Lexus GX 460 Luxury,"68,440 mi.","$37,000",Good
2018 Lexus GX 460 Luxury,"78,891 mi.","$33,488",Good
2018 Lexus GX 460 460,"53,571 mi.","$32,399",Good
2018 Lexus GX 460 Base,"56,718 mi.","$37,020",Good
2018 Lexus GX 460 Luxury,"85,770 mi.","$34,999",Good
2018 Lexus GX 460 Luxury,"43,180 mi.","$36,990",Great
2018 Lexus GX 460 Base,"94,549 mi.","$30,987",Good
2018 Lexus GX 460 Base,"73,559 mi.","$31,899",Good
2018 Lexus GX 460 460,"80,311 mi.","$29,500",Good
2018 Lexus GX 460 Base,"56,450 mi.","$32,000",Good
2018 Lexus GX 460 Base,"89,939 mi.","$28,955",Good
2018 Lexus GX 460 Base,"58,822 mi.","$33,900",Good
2018 Lexus GX 460 Base,"28,281 mi.","$37,463",Good
2018 Lexus GX 460 Base,"65,661 mi.","$34,986",Good
2018 Lexus GX 460 Base,"42,690 mi.","$33,995",Good
2018 Lexus GX 460 Base,"116,096 mi.","$29,688",Good
2018 Lexus GX 460 Base,"62,409 mi.","$33,464",Good
2018 Lexus GX 460 Base,"107,039 mi.","$26,997",Good
2018 Lexus GX 460 Base,"72,654 mi.","$27,995",Good
2018 Lexus GX 460 Luxury,"72,555 mi.","$34,500",Good
2018 Lexus GX 460 Luxury,"78,119 mi.","$34,499",Good
2018 Lexus GX 460 460,"74,553 mi.","$33,999",Good
2018 Lexus GX 460 Base,"61,171 mi.","$32,990",Good
2018 Lexus GX 460 Base,"77,976 mi.","$30,995",Good
2018 Lexus GX 460 460,"62,507 mi.","$33,994",None
2018 Lexus GX 460 Base,"63,641 mi.","$32,000",Good
2018 Lexus GX 460 Base,"58,241 mi.","$34,998",Good
2018 Lexus GX 460 Luxury,"85,873 mi.","$36,000",Good
2018 Lexus GX 460 Luxury,"91,583 mi.","$34,998",Fair
2018 Lexus GX 460 Base,"94,996 mi.","$32,997",Fair
2018 Lexus GX 460 Luxury,"81,000 mi.","$29,999",Good
2018 Lexus GX 460 460,"79,616 mi.","$30,990",Good
2018 Lexus GX 460 Base,"65,960 mi.","$33,998",Good
2018 Lexus GX 460 Base,"61,455 mi.","$31,920",Good
2018 Lexus GX 460 Premium,"88,110 mi.","$32,940",Good
2018 Lexus GX 460 Base,"44,618 mi.","$30,909",Great
2018 Lexus GX 460 Base,"55,898 mi.","$29,900",Great
2018 Lexus GX 460 Luxury,"42,148 mi.","$38,900",Good
2018 Lexus GX 460 GX 460 Premium 4WD,"111,071 mi.","$28,999",Fair
2018 Lexus GX 460 460 Premium,"60,199 mi.","$30,460",Good
2018 Lexus GX 460 Base,"86,603 mi.","$26,690",Great
2018 Lexus GX 460 Base,"56,412 mi.","$32,995",Good
2018 Lexus GX 460 460,"53,166 mi.","$35,471",Good
2018 Lexus GX 460 Base,"47,660 mi.","$33,488",Good
2018 Lexus GX 460 460,"63,670 mi.","$32,994",Good
2018 Lexus GX 460 Base,"79,138 mi.","$33,793",Good
2018 Lexus GX 460 Base,"57,957 mi.","$31,549",Good
2018 Lexus GX 460 Base,"94,670 mi.","$29,997",Good
2018 Lexus GX 460 460,"88,104 mi.","$31,800",Good
2018 Lexus GX 460 Premium,"58,626 mi.","$30,700",Great
2018 Lexus GX 460 Luxury,"60,284 mi.","$37,975",Good
2018 Lexus GX 460 Base,"62,537 mi.","$34,998",Good
2018 Lexus GX 460 Base,"51,763 mi.","$34,937",Good
2018 Lexus GX 460 Base,"96,531 mi.","$26,516",Good
2018 Lexus GX 460 Base,"59,154 mi.","$35,680",Good
2018 Lexus GX 460 Base,"41,630 mi.","$34,828",Good
2018 Lexus GX 460 Base,"100,961 mi.","$29,038",Good
2018 Lexus GX 460 Premium,"47,700 mi.","$30,795",Great
2018 Lexus GX 460 Base,"51,359 mi.","$32,995",Good
2018 Lexus GX 460 Luxury,"83,531 mi.","$38,775",Good
2018 Lexus GX 460 GX 460 4WD,"66,436 mi.","$33,998",Good
2018 Lexus GX 460 Base,"75,714 mi.","$29,988",Good
2018 Lexus GX 460 Base,"114,195 mi.","$26,997",Good
2018 Lexus GX 460 Base,"125,652 mi.","$25,995",Good
2018 Lexus GX 460 Base,"90,811 mi.","$29,988",Good
2018 Lexus GX 460 Base,"37,117 mi.","$35,000",Great
2018 Lexus GX 460 Base,"54,800 mi.","$29,497",Great
2018 Lexus GX 460 Premium,"38,500 mi.","$32,995",Great
2018 Lexus GX 460 Base,"96,753 mi.","$28,251",Good
2018 Lexus GX 460 GX 460 PREMIUM 4WD,"72,435 mi.","$29,977",Good
2018 Lexus GX 460 Base,"43,638 mi.","$35,784",Good
2018 Lexus GX 460 Base,"53,192 mi.","$33,998",Good
2018 Lexus GX 460 Premium 4WD,"68,328 mi.","$33,995",Good
2018 Lexus GX 460 460,"56,187 mi.","$34,989",Good
2018 Lexus GX 460 Base,"41,042 mi.","$32,446",Great
2018 Lexus GX 460,"61,726 mi.","$35,000",Good
2018 Lexus GX 460 Base,"37,647 mi.","$36,998",Great
2018 Lexus GX 460 460,"53,640 mi.","$33,490",Good
2018 Lexus GX 460 Base,"56,417 mi.","$33,738",Good
2018 Lexus GX 460 GX 460 4WD,"61,228 mi.","$24,000",Great
2019 Lexus GX 460 Luxury,"76,037 mi.","$37,224",Good
2019 Lexus GX 460 Base,"54,734 mi.","$34,916",Good
2019 Lexus GX 460 Premium,"90,163 mi.","$30,080",Great
2019 Lexus GX 460 Luxury,"48,789 mi.","$43,999",Good
2019 Lexus GX 460 Luxury,"50,260 mi.","$42,888",Good
2019 Lexus GX 460 Base,"107,647 mi.","$29,900",Good
2019 Lexus GX 460 Base,"59,755 mi.","$34,695",Good
2019 Lexus GX 460 Base,"77,751 mi.","$36,995",Good
2019 Lexus GX 460 460,"72,301 mi.","$35,678",Good
2019 Lexus GX 460 Base,"52,926 mi.","$37,599",Good
2019 Lexus GX 460 Luxury,"45,187 mi.","$40,678",Fair
2019 Lexus GX 460 Base,"13,422 mi.","$42,998",Good
2019 Lexus GX 460 Luxury,"64,365 mi.","$39,000",Fair
2019 Lexus GX 460 Base,"58,542 mi.","$35,813",Good
2019 Lexus GX 460 460,"95,367 mi.","$32,574",Fair
2019 Lexus GX 460 Base,"51,546 mi.","$33,900",Good
2019 Lexus GX 460 Base,"62,156 mi.","$36,550",Good
2019 Lexus GX 460 Base,"29,050 mi.","$37,998",Fair
2019 Lexus GX 460 Base,"46,472 mi.","$35,745",Good
2019 Lexus GX 460 Luxury,"48,800 mi.","$39,950",Good
2019 Lexus GX 460 Base,"35,827 mi.","$39,989",Good
2019 Lexus GX 460 Premium,"69,711 mi.","$35,900",Good
2019 Lexus GX 460 Base,"26,840 mi.","$40,990",Good
2019 Lexus GX 460 460,"68,989 mi.","$33,999",None
2019 Lexus GX 460 Luxury,"61,113 mi.","$39,991",Good
2019 Lexus GX 460 Base,"67,783 mi.","$34,595",Great
2019 Lexus GX 460 Premium,"30,000 mi.","$43,995",Good
2019 Lexus GX 460 Base,"58,862 mi.","$33,995",Good
2019 Lexus GX 460 Base,"42,938 mi.","$33,499",Good
2019 Lexus GX 460 Base,"80,779 mi.","$34,995",Good
2019 Lexus GX 460 Luxury,"41,084 mi.","$40,977",Good
2019 Lexus GX 460 Luxury,"62,386 mi.","$36,958",Great
2019 Lexus GX 460 Luxury,"112,396 mi.","$28,968",Good
2019 Lexus GX 460 Base,"86,913 mi.","$33,900",Fair
2019 Lexus GX 460 Base,"82,186 mi.","$34,291",Good
2019 Lexus GX 460 Base,"65,433 mi.","$32,997",Good
2019 Lexus GX 460 Base,"59,132 mi.","$45,000",Fair
2019 Lexus GX 460 Base,"105,626 mi.","$28,786",Good
2019 Lexus GX 460 Premium,"80,562 mi.","$27,999",Good
2019 Lexus GX 460 Base,"54,019 mi.","$35,284",Good
2019 Lexus GX 460 Base,"92,797 mi.","$29,874",Good
2019 Lexus GX 460 Base,"59,887 mi.","$34,088",Good
2019 Lexus GX 460 Luxury,"55,076 mi.","$38,695",Good
2019 Lexus GX 460 Base,"34,782 mi.","$37,153",Good
2019 Lexus GX 460 Base,"45,058 mi.","$34,800",Good
2019 Lexus GX 460 Luxury,"91,698 mi.","$31,547",Good
2019 Lexus GX 460 GX 460 4WD w/Roof,"131,835 mi.","$30,000",Fair
2019 Lexus GX 460 Base,"57,814 mi.","$36,402",Good
2019 Lexus GX 460 GX 460 Premium 4WD,"34,527 mi.","$44,980",Fair
2019 Lexus GX 460 Premium,"61,898 mi.","$33,892",Good
2019 Lexus GX 460 Base,"62,105 mi.","$35,995",Good
2019 Lexus GX 460 Base,"59,643 mi.","$36,998",Good
2019 Lexus GX 460 Base,"40,582 mi.","$40,993",Fair
2019 Lexus GX 460 Luxury,"69,000 mi.","$38,000",Good
2019 Lexus GX 460 Base,"50,734 mi.","$35,390",Good
2019 Lexus GX 460 Base,"47,011 mi.","$38,510",Good
2019 Lexus GX 460 Base,"37,974 mi.","$37,900",Good
2019 Lexus GX 460 Premium,"75,155 mi.","$31,188",Good
2019 Lexus GX 460 Premium,"112,738 mi.","$28,980",Good
2019 Lexus GX 460 Luxury,"52,090 mi.","$38,745",Good
2019 Lexus GX 460 Base,"44,222 mi.","$35,998",Good
2019 Lexus GX 460 Base,"73,206 mi.","$31,991",Good
2019 Lexus GX 460 Base,"64,052 mi.","$36,897",Fair
2019 Lexus GX 460 Luxury,"40,193 mi.","$44,998",Fair
2019 Lexus GX 460 Luxury,"55,277 mi.","$41,771",Good
2019 Lexus GX 460 Base,"53,956 mi.","$36,998",None
2019 Lexus GX 460 Base,"33,093 mi.","$37,998",None
2019 Lexus GX 460 Base,"51,619 mi.","$37,985",Good
2019 Lexus GX 460 Base,"49,424 mi.","$36,988",Good
2019 Lexus GX 460 Base,"89,330 mi.","$35,988",Good
2019 Lexus GX 460 Base,"27,427 mi.","$40,988",Good
2019 Lexus GX 460 Base,"81,135 mi.","$32,999",Good
2019 Lexus GX 460 Premium,"89,365 mi.","$33,944",Good
2019 Lexus GX 460 Luxury,"84,899 mi.","$37,899",Good
2019 Lexus GX 460 Base,"62,155 mi.","$34,880",Good
2019 Lexus GX 460 Premium,"60,130 mi.","$35,368",Good
2019 Lexus GX 460 GX 460 4WD,"23,031 mi.","$39,595",Fair
2019 Lexus GX 460 Luxury,"51,618 mi.","$39,995",Good
2019 Lexus GX 460 Base,"37,982 mi.","$35,000",Good
2019 Lexus GX 460 Luxury,"31,191 mi.","$50,988",Fair
2019 Lexus GX 460 Luxury,"78,783 mi.","$36,999",Good
2019 Lexus GX 460 Base,"62,253 mi.","$32,990",Good
2019 Lexus GX 460 Premium,"62,827 mi.","$36,900",Good
2019 Lexus GX 460 Premium,"54,638 mi.","$32,500",Good
2019 Lexus GX 460 Base,"28,932 mi.","$37,278",Good
2019 Lexus GX 460 Base,"82,279 mi.","$36,289",Good
2019 Lexus GX 460 Base,"66,401 mi.","$32,990",Good
2019 Lexus GX 460 Base,"53,661 mi.","$33,297",Good
2019 Lexus GX 460 Base,"57,595 mi.","$38,250",Fair
2019 Lexus GX 460 Base,"36,671 mi.","$37,891",Great
2019 Lexus GX 460 Premium,"42,532 mi.","$37,990",Good
2019 Lexus GX 460 Luxury,"69,339 mi.","$35,998",Good
2019 Lexus GX 460 Base,"64,252 mi.","$34,479",Good
2019 Lexus GX 460 Base,"64,369 mi.","$35,488",Good
2019 Lexus GX 460 Base,"24,088 mi.","$41,995",Good
2019 Lexus GX 460 Base,"64,476 mi.","$34,482",Good
2019 Lexus GX 460 460,"54,396 mi.","$34,999",Great
2019 Lexus GX 460 Luxury,"15,339 mi.","$39,900",Good
2019 Lexus GX 460 Premium,"74,588 mi.","$41,330",Fair
2019 Lexus GX 460 Base,"97,108 mi.","$31,499",Good
2019 Lexus GX 460 Premium,"50,370 mi.","$35,500",Good
2019 Lexus GX 460 Premium,"85,379 mi.","$29,880",Good
2019 Lexus GX 460 Base,"67,756 mi.","$30,915",Good
2019 Lexus GX 460 Base,"73,411 mi.","$33,999",Good
2019 Lexus GX 460 Luxury,"82,300 mi.","$34,888",Fair
2019 Lexus GX 460 Base,"48,673 mi.","$33,795",Good
2019 Lexus GX 460 GX 460,"94,776 mi.","$34,500",Fair
2019 Lexus GX 460 Premium,"18,606 mi.","$42,998",Good
2019 Lexus GX 460 Base,"52,866 mi.","$34,795",Good
2019 Lexus GX 460 Luxury,"55,468 mi.","$39,640",Good
2019 Lexus GX 460 Base,"30,945 mi.","$40,998",Good
2019 Lexus GX 460 Base,"36,976 mi.","$38,944",Good
2019 Lexus GX 460 Luxury,"72,833 mi.","$37,826",Good
2019 Lexus GX 460 Base,"34,778 mi.","$39,000",Good
2019 Lexus GX 460 Base,"46,277 mi.","$41,499",Good
2019 Lexus GX 460 Base,"82,432 mi.","$31,705",Good
2019 Lexus GX 460 Base,"78,975 mi.","$31,495",Good
2019 Lexus GX 460 Base,"44,418 mi.","$34,999",Good
2019 Lexus GX 460 Base,"88,630 mi.","$32,764",Good
2019 Lexus GX 460 Base,"79,675 mi.","$32,149",Good
2019 Lexus GX 460 Premium,"67,896 mi.","$35,296",Fair
2019 Lexus GX 460 Base,"33,431 mi.","$37,395",Good
2019 Lexus GX 460 Base,"71,592 mi.","$35,990",Good
2019 Lexus GX 460 Luxury,"70,042 mi.","$34,515",Great
2019 Lexus GX 460 Base,"53,195 mi.","$37,491",Good
2019 Lexus GX 460 Base,"104,516 mi.","$27,990",Good
2019 Lexus GX 460 Base,"125,384 mi.","$32,900",Fair
2019 Lexus GX 460 Base AWD 4dr SUV,"38,130 mi.","$41,995",Fair
2019 Lexus GX 460 Base,"42,442 mi.","$37,995",Fair
2019 Lexus GX 460 Base,"30,230 mi.","$37,998",Good
2019 Lexus GX 460 Base,"51,562 mi.","$36,497",Good
2019 Lexus GX 460 Premium,"51,726 mi.","$38,995",Good
2019 Lexus GX 460 Base,"78,623 mi.","$36,131",Good
2019 Lexus GX 460 Base,"44,892 mi.","$39,990",Good
2019 Lexus GX 460 Premium,"55,305 mi.","$31,999",Good
2019 Lexus GX 460 Luxury,"34,346 mi.","$39,299",Fair
2019 Lexus GX 460 Base,"59,675 mi.","$37,605",Good
2019 Lexus GX 460 Base,"80,302 mi.","$32,998",Good
2019 Lexus GX 460 Base,"30,118 mi.","$37,998",Good
2019 Lexus GX 460 Base,"69,258 mi.","$32,199",Good
2019 Lexus GX 460 Base,"46,322 mi.","$33,999",Great
2019 Lexus GX 460 Base,"59,310 mi.","$35,635",Good
2019 Lexus GX 460 Base,"48,847 mi.","$38,000",Fair
2019 Lexus GX 460 Base,"22,916 mi.","$40,995",Good
2019 Lexus GX 460 Premium,"55,029 mi.","$34,995",Good
2019 Lexus GX 460 Luxury,"75,238 mi.","$44,491",Fair
2019 Lexus GX 460 Base,"44,195 mi.","$37,499",Good
2019 Lexus GX 460 Base,"41,401 mi.","$37,999",Good
2019 Lexus GX 460 Base,"48,044 mi.","$37,898",Good
2019 Lexus GX 460 Base,"59,550 mi.","$32,820",Great
2019 Lexus GX 460 Base,"80,405 mi.","$33,000",Good
2019 Lexus GX 460 Base,"53,155 mi.","$32,198",Good
2019 Lexus GX 460 Base,"93,765 mi.","$33,794",Good
2019 Lexus GX 460 Base,"87,103 mi.","$32,490",Good
2019 Lexus GX 460 Luxury,"50,030 mi.","$36,495",Good
2019 Lexus GX 460,"26,267 mi.","$39,900",Great
2019 Lexus GX 460 Luxury,"79,030 mi.","$37,500",None
2020 Lexus GX 460 Base,"44,039 mi.","$43,491",Good
2020 Lexus GX 460 Premium,"114,348 mi.","$36,928",Fair
2020 Lexus GX 460 Premium,"38,261 mi.","$42,980",Great
2020 Lexus GX 460 Premium,"41,251 mi.","$39,441",Good
2020 Lexus GX 460 Premium,"27,493 mi.","$45,489",Good
2020 Lexus GX 460 Base,"34,057 mi.","$42,810",Good
2020 Lexus GX 460 Base,"39,317 mi.","$43,594",Good
2020 Lexus GX 460 Base,"107,057 mi.","$34,900",Good
2020 Lexus GX 460 Luxury,"26,766 mi.","$43,000",Good
2020 Lexus GX 460 Base,"42,772 mi.","$42,686",Good
2020 Lexus GX 460 Base,"66,932 mi.","$36,980",Good
2020 Lexus GX 460 Premium,"82,748 mi.","$35,990",Good
2020 Lexus GX 460 Premium,"71,935 mi.","$39,599",Fair
2020 Lexus GX 460 Base,"44,401 mi.","$43,557",Fair
2020 Lexus GX 460 Base,"56,867 mi.","$38,364",Fair
2020 Lexus GX 460 Base,"36,976 mi.","$40,000",Good
2020 Lexus GX 460 Base,"59,001 mi.","$42,177",Good
2020 Lexus GX 460 Base,"90,689 mi.","$36,974",None
2020 Lexus GX 460 Base,"17,823 mi.","$42,653",Great
2020 Lexus GX 460 Luxury,"59,011 mi.","$35,993",Good
2020 Lexus GX 460 Premium,"44,330 mi.","$39,995",None
2020 Lexus GX 460 Base,"48,102 mi.","$42,695",Good
2020 Lexus GX 460 Base,"15,089 mi.","$45,000",Great
2020 Lexus GX 460 Luxury,"86,490 mi.","$40,995",None
2020 Lexus GX 460 Base,"39,202 mi.","$43,810",None
2020 Lexus GX 460 Base,"59,442 mi.","$39,498",Fair
2020 Lexus GX 460 Base,"44,764 mi.","$40,700",Good
2020 Lexus GX 460 Base,"28,339 mi.","$44,998",Good
2020 Lexus GX 460 Premium,"58,467 mi.","$39,800",Good
2020 Lexus GX 460 Luxury,"60,950 mi.","$41,466",Great
2020 Lexus GX 460 Premium,"43,269 mi.","$39,988",None
2020 Lexus GX 460 Luxury,"60,004 mi.","$40,796",Good
2020 Lexus GX 460 Base,"41,201 mi.","$40,201",Good
2020 Lexus GX 460 Base,"28,739 mi.","$44,000",Good
2020 Lexus GX 460 Base,"55,299 mi.","$38,998",Good
2020 Lexus GX 460 Luxury,"67,697 mi.","$42,000",Good
2020 Lexus GX 460 Base,"33,202 mi.","$40,800",Good
2020 Lexus GX 460 Luxury,"38,554 mi.","$43,880",Great
2020 Lexus GX 460 Base,"39,110 mi.","$40,995",Good
2020 Lexus GX 460 Base,"101,418 mi.","$36,800",Good
2020 Lexus GX 460 Base,"62,616 mi.","$42,000",Good
2020 Lexus GX 460 Base,"28,201 mi.","$45,695",Good
2020 Lexus GX 460 Luxury,"79,918 mi.","$37,661",Good
2020 Lexus GX 460 Base,"62,361 mi.","$42,998",Fair
2020 Lexus GX 460 Base,"12,957 mi.","$46,000",Good
2020 Lexus GX 460 Base,"52,781 mi.","$39,998",Good
2020 Lexus GX 460 Base,"64,451 mi.","$40,591",Good
2020 Lexus GX 460 Base,"40,331 mi.","$45,665",None
2020 Lexus GX 460 Premium,"57,197 mi.","$40,600",Fair
2020 Lexus GX 460 Base,"63,129 mi.","$41,977",Fair
2020 Lexus GX 460 Base,"39,753 mi.","$41,950",Good
2020 Lexus GX 460 GX 460 Premium,"83,958 mi.","$36,389",Fair
2020 Lexus GX 460 Premium,"31,607 mi.","$41,490",Good
2020 Lexus GX 460 Base,"59,753 mi.","$40,995",Good
2020 Lexus GX 460 Base,"27,578 mi.","$44,987",Fair
2020 Lexus GX 460 Base,"27,887 mi.","$45,900",Good
2020 Lexus GX 460 Premium,"60,674 mi.","$39,088",Fair
2020 Lexus GX 460 Base,"38,870 mi.","$44,888",Good
2020 Lexus GX 460 Base,"28,358 mi.","$40,001",Good
2020 Lexus GX 460 Base,"41,002 mi.","$42,998",Fair
2020 Lexus GX 460 Luxury,"37,521 mi.","$44,733",None
2020 Lexus GX 460 Luxury,"45,584 mi.","$45,989",Good
2020 Lexus GX 460 Base,"53,050 mi.","$39,987",Good
2020 Lexus GX 460 Base,"61,228 mi.","$39,998",Good
2020 Lexus GX 460 Base,"64,355 mi.","$39,385",Fair
2020 Lexus GX 460 Base,"23,486 mi.","$39,132",Good
2020 Lexus GX 460 Base,"28,948 mi.","$39,999",Good
2020 Lexus GX 460 Premium,"71,620 mi.","$37,495",Good
2020 Lexus GX 460 Base,"35,866 mi.","$43,998",Good
2020 Lexus GX 460 460,"42,001 mi.","$41,990",Good
2020 Lexus GX 460 Base,"68,774 mi.","$37,492",Good
2020 Lexus GX 460 Base,"88,772 mi.","$37,496",Good
2020 Lexus GX 460 Base,"33,520 mi.","$40,995",Good
2020 Lexus GX 460 Base,"21,680 mi.","$45,556",Good
2020 Lexus GX 460 Base,"23,606 mi.","$38,242",Great
2020 Lexus GX 460 Base,"77,513 mi.","$39,212",Good
2020 Lexus GX 460 Luxury,"69,775 mi.","$40,417",Good
2020 Lexus GX 460 Luxury,"45,022 mi.","$41,998",Good
2020 Lexus GX 460 Premium,"51,397 mi.","$36,000",Good
2020 Lexus GX 460 Base,"31,979 mi.","$41,834",Good
2020 Lexus GX 460 Base,"43,031 mi.","$41,990",Fair
2020 Lexus GX 460 Premium,"41,000 mi.","$37,997",Good
2020 Lexus GX 460,"60,906 mi.","$38,521",Good
2020 Lexus GX 460 Base,"24,172 mi.","$39,999",Good
2020 Lexus GX 460 Base,"36,284 mi.","$42,998",Good
2020 Lexus GX 460 Base,"47,179 mi.","$40,516",Good
2020 Lexus GX 460 Base,"27,518 mi.","$44,989",Good
2020 Lexus GX 460 Premium,"34,034 mi.","$41,331",Good
2020 Lexus GX 460 Premium,"41,813 mi.","$40,977",Good
2020 Lexus GX 460 Base,"59,978 mi.","$39,395",Good
2020 Lexus GX 460 Premium,"27,512 mi.","$39,518",Good
2020 Lexus GX 460 Luxury,"60,825 mi.","$42,269",Good
2020 Lexus GX 460 Luxury,"33,342 mi.","$43,750",Good
2020 Lexus GX 460 Premium,"48,598 mi.","$37,975",Good
2020 Lexus GX 460 Base,"42,830 mi.","$43,999",Good
2020 Lexus GX 460 Premium,"44,612 mi.","$44,442",Good
2020 Lexus GX 460 Base,"36,005 mi.","$38,880",Good
2020 Lexus GX 460 Premium,"48,181 mi.","$41,599",Good
2020 Lexus GX 460 Premium,"45,764 mi.","$37,327",Good
2020 Lexus GX 460 Base,"30,562 mi.","$45,998",Good
2020 Lexus GX 460 Luxury,"46,549 mi.","$44,950",Good
2020 Lexus GX 460 Base,"56,289 mi.","$41,998",None
2020 Lexus GX 460 Base,"34,088 mi.","$40,998",None
2020 Lexus GX 460 Base,"22,300 mi.","$41,773",Good
2020 Lexus GX 460 Base,"30,994 mi.","$43,947",Fair
2020 Lexus GX 460 Base,"41,327 mi.","$40,000",Good
2020 Lexus GX 460 Base,"27,270 mi.","$44,170",Good
2020 Lexus GX 460 Base,"29,913 mi.","$44,998",Good
2020 Lexus GX 460 Luxury,"39,514 mi.","$43,756",Good
2020 Lexus GX 460 Base,"36,917 mi.","$37,991",Good
2020 Lexus GX 460 Premium,"27,376 mi.","$38,947",Good
2020 Lexus GX 460 Premium,"45,591 mi.","$44,998",Good
2020 Lexus GX 460 Premium,"68,021 mi.","$38,900",Fair
2020 Lexus GX 460 Luxury,"34,637 mi.","$44,996",Good
2020 Lexus GX 460 Base,"33,317 mi.","$46,963",Good
2020 Lexus GX 460 Premium,"37,219 mi.","$69,999",None
2020 Lexus GX 460 Base,"44,498 mi.","$40,880",Good
2020 Lexus GX 460 Premium,"23,972 mi.","$45,960",Fair
2020 Lexus GX 460 Base,"32,178 mi.","$46,995",Fair
2020 Lexus GX 460 Premium,"38,764 mi.","$44,724",Good
2020 Lexus GX 460 Premium,"32,882 mi.","$40,749",Good
2020 Lexus GX 460 Premium,"36,141 mi.","$44,885",Good
2020 Lexus GX 460 Base,"40,651 mi.","$40,995",Good
2020 Lexus GX 460 Base,"33,620 mi.","$42,998",Good
2020 Lexus GX 460 Premium,"60,447 mi.","$38,632",Fair
2020 Lexus GX 460 Luxury,"57,767 mi.","$44,909",Good
2020 Lexus GX 460 Base,"19,101 mi.","$44,998",Good
2020 Lexus GX 460 Premium,"53,695 mi.","$38,900",Good
2020 Lexus GX 460 Base,"31,790 mi.","$42,998",Good
2020 Lexus GX 460 Luxury,"42,610 mi.","$42,484",Good
2020 Lexus GX 460 GX 460 Premium,"36,507 mi.","$33,795",None
2020 Lexus GX 460 Base,"38,993 mi.","$44,887",Good
2020 Lexus GX 460 Base,"42,019 mi.","$40,998",None
2021 Lexus GX 460 Base,"46,903 mi.","$42,800",Good
2021 Lexus GX 460 Premium,"65,192 mi.","$43,758",Good
2021 Lexus GX 460 Base,"37,537 mi.","$44,998",Great
2021 Lexus GX 460 Premium,"59,518 mi.","$43,989",Good
2021 Lexus GX 460 Luxury,"61,723 mi.","$46,570",Good
2021 Lexus GX 460 Premium,"24,429 mi.","$46,324",Great
2021 Lexus GX 460 Base,"39,521 mi.","$44,794",Good
2021 Lexus GX 460 Base,"37,225 mi.","$49,990",Good
2021 Lexus GX 460 Base,"32,724 mi.","$44,998",Good
2021 Lexus GX 460 Base,"45,584 mi.","$44,995",Good
2021 Lexus GX 460 Base,"43,071 mi.","$45,344",Good
2021 Lexus GX 460 Base,"19,849 mi.","$49,988",Good
2021 Lexus GX 460 Base,"9,395 mi.","$47,550",Great
2021 Lexus GX 460 Base,"44,620 mi.","$39,990",Great
2021 Lexus GX 460 Base,"24,500 mi.","$49,698",Good
2021 Lexus GX 460 Premium,"31,434 mi.","$40,999",Good
2021 Lexus GX 460 Luxury,"24,382 mi.","$49,999",Good
2021 Lexus GX 460 Premium,"31,950 mi.","$50,000",Good
2021 Lexus GX 460 Base,"36,650 mi.","$43,995",Great
2021 Lexus GX 460 Base,"41,435 mi.","$41,680",Good
2021 Lexus GX 460 Base,"54,237 mi.","$41,198",Good
2021 Lexus GX 460 Premium,"47,722 mi.","$44,579",Good
2021 Lexus GX 460 Base,"29,990 mi.","$47,990",Good
2021 Lexus GX 460 Base,"45,235 mi.","$45,204",Good
2021 Lexus GX 460 Base,"26,492 mi.","$49,688",Fair
2021 Lexus GX 460 Base,"35,957 mi.","$44,404",Good
2021 Lexus GX 460 Premium,"59,096 mi.","$41,799",Good
2021 Lexus GX 460 Base,"30,042 mi.","$43,998",Great
2021 Lexus GX 460 Base,"21,552 mi.","$48,991",Good
2021 Lexus GX 460 Base,"33,267 mi.","$42,800",Good
2021 Lexus GX 460 Premium,"43,580 mi.","$40,000",Good
2021 Lexus GX 460 Base,"27,190 mi.","$43,137",Great
2021 Lexus GX 460 Base,"49,021 mi.","$41,177",Good
2021 Lexus GX 460 Base,"65,231 mi.","$41,980",Good
2021 Lexus GX 460 Base,"29,892 mi.","$52,770",Fair
2021 Lexus GX 460 Base,"24,044 mi.","$48,990",Good
2021 Lexus GX 460 Luxury,"60,612 mi.","$44,999",Good
2021 Lexus GX 460 Base,"42,427 mi.","$40,998",Great
2021 Lexus GX 460 Base,"46,675 mi.","$43,595",Great
2021 Lexus GX 460 Base,"47,240 mi.","$43,224",Good
2021 Lexus GX 460 Premium,"43,967 mi.","$41,998",Great
2021 Lexus GX 460 Luxury,"16,528 mi.","$48,963",Fair
2021 Lexus GX 460 Base,"69,250 mi.","$39,997",Good
2021 Lexus GX 460 Base,"29,838 mi.","$46,692",Good
2021 Lexus GX 460 Premium,"51,920 mi.","$40,991",Great
2021 Lexus GX 460 Premium,"60,370 mi.","$41,023",Good
2021 Lexus GX 460 Premium,"29,970 mi.","$42,990",None
2021 Lexus GX 460 Premium,"40,477 mi.","$42,716",Good
2021 Lexus GX 460 Base,"27,565 mi.","$43,457",Fair
2021 Lexus GX 460 Base,"46,689 mi.","$46,996",Good
2021 Lexus GX 460 Luxury,"54,628 mi.","$47,799",Fair
2021 Lexus GX 460 Base,"29,330 mi.","$45,125",Good
2021 Lexus GX 460 Base,"49,121 mi.","$41,492",None
2021 Lexus GX 460 Premium,"25,970 mi.","$42,777",Great
2021 Lexus GX 460 Base,"26,275 mi.","$48,698",Good
2021 Lexus GX 460 Base,"51,333 mi.","$42,490",Good
2021 Lexus GX 460 Base,"42,908 mi.","$52,994",Fair
2021 Lexus GX 460 Base,"34,490 mi.","$46,988",Good
2021 Lexus GX 460,"47,644 mi.","$47,000",Good
2021 Lexus GX 460 GX 460 Premium,"37,912 mi.","$47,000",Good
2021 Lexus GX 460 Base,"16,121 mi.","$50,998",Good
2021 Lexus GX 460 Base,"35,557 mi.","$44,944",Good
2021 Lexus GX 460 Premium,"27,631 mi.","$49,999",Good
2021 Lexus GX 460 Base,"43,012 mi.","$45,990",Good
2021 Lexus GX 460 Base,"38,792 mi.","$38,995",Good
2021 Lexus GX 460 Luxury,"42,441 mi.","$46,895",Fair
2021 Lexus GX 460 Premium,"24,862 mi.","$43,987",Good
2021 Lexus GX 460 Base,"38,599 mi.","$43,995",Good
2021 Lexus GX 460 Premium,"33,494 mi.","$46,991",Good
2021 Lexus GX 460 Base,"19,889 mi.","$46,959",Good
2021 Lexus GX 460 Premium,"53,293 mi.","$42,991",Great
2021 Lexus GX 460 Base,"40,490 mi.","$45,986",Good
2021 Lexus GX 460 Base,"24,547 mi.","$49,662",Good
2021 Lexus GX 460 Base,"32,210 mi.","$43,998",Good
2021 Lexus GX 460 Premium,"27,059 mi.","$44,989",Good
2021 Lexus GX 460 Luxury,"36,109 mi.","$51,000",Good
2021 Lexus GX 460 Luxury,"70,982 mi.","$45,085",Fair
2021 Lexus GX 460 Base,"47,275 mi.","$42,998",Good
2021 Lexus GX 460 Base,"36,303 mi.","$44,998",Good
2021 Lexus GX 460 Base,"39,085 mi.","$42,998",Good
2021 Lexus GX 460 Premium,"20,456 mi.","$43,995",Good
2021 Lexus GX 460 Premium,"43,423 mi.","$42,777",Fair
2021 Lexus GX 460 Premium,"28,121 mi.","$45,000",Good
2021 Lexus GX 460 Luxury,"50,573 mi.","$48,995",Good
2021 Lexus GX 460 Premium,"46,440 mi.","$45,000",Good
2021 Lexus GX 460 Base,"14,061 mi.","$49,998",Good
2021 Lexus GX 460 Base,"29,128 mi.","$42,984",Fair
2021 Lexus GX 460 Base,"21,955 mi.","$44,991",Great
2021 Lexus GX 460 Luxury,"28,215 mi.","$49,223",Good
2021 Lexus GX 460 Luxury,"19,151 mi.","$48,177",Good
2021 Lexus GX 460 Premium,"47,071 mi.","$49,950",Good
2021 Lexus GX 460 Base,"18,645 mi.","$48,998",Good
2021 Lexus GX 460 Base,"37,751 mi.","$41,500",Great
2021 Lexus GX 460 Luxury,"48,448 mi.","$49,997",Fair
2021 Lexus GX 460 Premium,"52,000 mi.","$44,000",Good
2021 Lexus GX 460 Base,"35,369 mi.","$44,999",Good
2021 Lexus GX 460 Base,"29,808 mi.","$46,900",Good
2021 Lexus GX 460 460,"39,697 mi.","$46,998",Good
2021 Lexus GX 460 Base,"52,954 mi.","$46,900",Good
2021 Lexus GX 460 Premium,"48,011 mi.","$45,098",Good
2021 Lexus GX 460 Premium,"43,117 mi.","$47,699",Good
2021 Lexus GX 460 Luxury,"35,179 mi.","$48,998",Good
2021 Lexus GX 460 Base,"18,608 mi.","$49,155",Good
2021 Lexus GX 460 Base,"38,875 mi.","$44,998",Good
2021 Lexus GX 460 Base,"47,559 mi.","$38,490",Great
2021 Lexus GX 460 Premium,"11,245 mi.","$47,000",Good
2021 Lexus GX 460 Base,"21,308 mi.","$46,998",Good
2021 Lexus GX 460 Base,"60,749 mi.","$42,990",Good
2021 Lexus GX 460 Base,"47,888 mi.","$44,000",Good
2021 Lexus GX 460 Premium,"19,053 mi.","$52,998",Great
2021 Lexus GX 460 Base,"9,990 mi.","$44,998",Good
2021 Lexus GX 460 Base,"27,502 mi.","$45,998",Good
2021 Lexus GX 460 GX 460 Premium 4WD,"31,735 mi.","$46,989",None
2021 Lexus GX 460 Premium,"28,214 mi.","$43,064",Good
2021 Lexus GX 460 Base,"15,318 mi.","$49,995",Good
2021 Lexus GX 460 Base,"38,269 mi.","$47,495",Good
2021 Lexus GX 460 Base,"40,479 mi.","$42,980",Good
2021 Lexus GX 460 Premium,"36,355 mi.","$47,495",Good
2021 Lexus GX 460 Luxury,"33,744 mi.","$51,598",Good
2021 Lexus GX 460 Premium,"25,701 mi.","$46,488",Good
2021 Lexus GX 460 Base,"34,633 mi.","$44,490",Great
2021 Lexus GX 460,"43,584 mi.","$41,988",Good
2021 Lexus GX 460 Premium,"27,224 mi.","$46,488",Good
2021 Lexus GX 460 Base,"42,930 mi.","$45,998",Good
2021 Lexus GX 460 Base,"23,481 mi.","$48,360",Good
2021 Lexus GX 460 Base,"37,173 mi.","$43,495",Good
2021 Lexus GX 460 Base,"42,702 mi.","$45,990",Good
2021 Lexus GX 460 Premium,"35,825 mi.","$50,895",Fair
2021 Lexus GX 460 Base,"16,442 mi.","$48,500",Good
2021 Lexus GX 460 Premium,"42,226 mi.","$43,694",Good
2021 Lexus GX 460 Base,"30,475 mi.","$44,888",Great
2021 Lexus GX 460 Base,"49,981 mi.","$44,688",Good
2021 Lexus GX 460 Base,"41,015 mi.","$42,889",Good
2021 Lexus GX 460 Luxury,"54,663 mi.","$47,008",Good
2021 Lexus GX 460 Base,"41,326 mi.","$46,889",Good
2021 Lexus GX 460 Base,"36,909 mi.","$42,798",Great
2021 Lexus GX 460 Premium,"45,684 mi.","$44,494",Good
2021 Lexus GX 460 Premium,"23,759 mi.","$42,999",Great
2021 Lexus GX 460 Base,"28,268 mi.","$44,998",None
2021 Lexus GX 460 Base,"33,420 mi.","$42,998",None
2021 Lexus GX 460 Base,"31,102 mi.","$45,998",Good
2021 Lexus GX 460 Luxury,"40,607 mi.","$48,995",Good
2021 Lexus GX 460 Base,"38,089 mi.","$47,995",Good
2021 Lexus GX 460 Base,"28,048 mi.","$46,193",Good
2021 Lexus GX 460 Base,"20,730 mi.","$51,401",Good
2021 Lexus GX 460 Base,"16,818 mi.","$51,388",Good
2021 Lexus GX 460 GX 460 Premium,"32,623 mi.","$50,888",Good
2021 Lexus GX 460 Base,"38,306 mi.","$43,998",Good
2021 Lexus GX 460 Premium,"41,198 mi.","$49,895",Good
2021 Lexus GX 460 Premium,"49,442 mi.","$40,899",Good
2021 Lexus GX 460 Base,"26,962 mi.","$47,577",Good
2021 Lexus GX 460 Base,"17,448 mi.","$47,669",Good
2021 Lexus GX 460 Luxury,"78,249 mi.","$42,545",Good
2021 Lexus GX 460 Base,"43,075 mi.","$43,998",Good
2021 Lexus GX 460 Base,"54,548 mi.","$45,995",Fair
2021 Lexus GX 460 Base,"26,899 mi.","$45,787",Good
2021 Lexus GX 460 Luxury,"32,840 mi.","$47,901",Good
2021 Lexus GX 460 Base,"11,769 mi.","$50,998",Good
2021 Lexus GX 460 Premium,"10,062 mi.","$45,800",Great
2021 Lexus GX 460 Base,"59,111 mi.","$42,700",Good
2021 Lexus GX 460,"51,382 mi.","$46,988",Good
2021 Lexus GX 460 Base,"20,707 mi.","$47,988",Good
2021 Lexus GX 460 Base,"25,283 mi.","$46,811",Good
2021 Lexus GX 460 Luxury,"37,398 mi.","$50,995",Good
2021 Lexus GX 460 460,"25,377 mi.","$44,989",Good
2021 Lexus GX 460 Base,"29,062 mi.","$46,998",Good
2021 Lexus GX 460 Base,"30,540 mi.","$46,788",Good
2021 Lexus GX 460 Base,"27,415 mi.","$47,498",Good
2021 Lexus GX 460 Base,"40,238 mi.","$44,499",Good
2021 Lexus GX 460 Luxury,"120,955 mi.","$33,771",Good
2021 Lexus GX 460 Base,"26,636 mi.","$47,420",Good
2021 Lexus GX 460 Base,"21,147 mi.","$47,997",Good
2021 Lexus GX 460 Base,"23,346 mi.","$47,998",Good
2021 Lexus GX 460 Premium,"28,024 mi.","$45,981",Good
2021 Lexus GX 460 Premium,"28,254 mi.","$45,999",Good
2021 Lexus GX 460 Base,"30,404 mi.","$47,995",Good
2021 Lexus GX 460 Luxury,"50,752 mi.","$50,000",Good
2021 Lexus GX 460 Base,"24,950 mi.","$45,888",Good
2021 Lexus GX 460 Base,"60,078 mi.","$41,689",Good
2021 Lexus GX 460 Base,"36,749 mi.","$46,591",Good
2021 Lexus GX 460 Base,"50,470 mi.","$45,098",Good
2021 Lexus GX 460 Base,"20,401 mi.","$41,988",Great
2021 Lexus GX 460 Base,"37,641 mi.","$42,339",Good
2021 Lexus GX 460 Base,"41,679 mi.","$40,988",Great
2021 Lexus GX 460 Premium,"44,640 mi.","$45,737",Good
2021 Lexus GX 460 Base,"19,805 mi.","$41,888",Great
2021 Lexus GX 460 Premium,"25,134 mi.","$46,888",Good
2021 Lexus GX 460 Luxury,"26,006 mi.","$45,564",Good
2021 Lexus GX 460 Base,"32,498 mi.","$43,899",Good
2021 Lexus GX 460 Base,"50,583 mi.","$40,988",Good
2021 Lexus GX 460 Base,"48,734 mi.","$46,500",Good
2021 Lexus GX 460 Base,"36,318 mi.","$39,999",Great
2021 Lexus GX 460 Base,"65,074 mi.","$39,288",Good
2021 Lexus GX 460 Base,"25,598 mi.","$46,991",Good
2021 Lexus GX 460 Base,"55,313 mi.","$41,920",Good
2021 Lexus GX 460 Premium,"51,954 mi.","$40,900",Good
2021 Lexus GX 460 Base,"28,238 mi.","$40,887",Great
2021 Lexus GX 460 Base,"28,743 mi.","$42,500",Good
2021 Lexus GX 460 Base,"34,361 mi.","$44,497",Good
2021 Lexus GX 460 Premium,"45,465 mi.","$40,500",Good
2021 Lexus GX 460 Base,"18,885 mi.","$50,998",Good
2021 Lexus GX 460 Base,"42,068 mi.","$40,988",Great
2021 Lexus GX 460 Luxury,"37,646 mi.","$47,749",Good
2021 Lexus GX 460 Base,"42,478 mi.","$42,998",Good
2021 Lexus GX 460 Premium,"43,277 mi.","$40,000",Great
2021 Lexus GX 460 Base,"30,005 mi.","$45,998",Good
2021 Lexus GX 460 Base,"40,167 mi.","$45,999",Good
2021 Lexus GX 460 Premium,"30,425 mi.","$43,088",Good
2021 Lexus GX 460 Base,"13,324 mi.","$48,998",Good
2021 Lexus GX 460 Base,"18,596 mi.","$48,998",Good
2021 Lexus GX 460 Base,"37,105 mi.","$44,281",Good
2021 Lexus GX 460 Premium,"46,719 mi.","$43,000",Good
2021 Lexus GX 460 Base,"28,696 mi.","$47,900",Good
2021 Lexus GX 460 Base,"17,834 mi.","$48,990",Good
2021 Lexus GX 460 Premium,"10,849 mi.","$45,301",Good
2021 Lexus GX 460 Luxury,"19,675 mi.","$47,499",Good
2021 Lexus GX 460 Base,"33,773 mi.","$45,998",Good
2021 Lexus GX 460 GX 460 Premium,"32,573 mi.","$43,879",Good
2021 Lexus GX 460 Base,"37,509 mi.","$45,000",Good
2021 Lexus GX 460 Base,"33,259 mi.","$42,699",Great
2021 Lexus GX 460 Base,"23,016 mi.","$44,997",Great
2021 Lexus GX 460 Base,"31,046 mi.","$44,400",Good
2021 Lexus GX 460 Luxury,"41,602 mi.","$47,400",Good
2021 Lexus GX 460 Premium,"52,410 mi.","$34,357",Great
2021 Lexus GX 460 Premium,"31,910 mi.","$48,974",Fair
2021 Lexus GX 460 Base,"17,009 mi.","$45,288",Good
2021 Lexus GX 460 Base,"41,113 mi.","$42,700",Good
2021 Lexus GX 460 Luxury,"90,555 mi.","$39,909",Good
2021 Lexus GX 460 Base,"64,332 mi.","$39,877",Good
2021 Lexus GX 460 Base,"27,754 mi.","$46,998",Good
2021 Lexus GX 460 Premium,"36,752 mi.","$43,000",Good
2021 Lexus GX 460 Base,"42,467 mi.","$45,598",Good
2021 Lexus GX 460 Base,"39,755 mi.","$46,598",Good
2021 Lexus GX 460 460,"36,701 mi.","$41,000",Good
2021 Lexus GX 460 Premium,"46,909 mi.","$41,500",Good
2021 Lexus GX 460 Base,"30,607 mi.","$48,798",Fair
2021 Lexus GX 460 Base,"52,850 mi.","$41,024",Fair
2021 Lexus GX 460 Base,"46,952 mi.","$38,996",Great
2021 Lexus GX 460 Luxury,"10,407 mi.","$50,000",Good
2021 Lexus GX 460 Premium,"68,429 mi.","$37,511",Good
2021 Lexus GX 460 Base,"34,887 mi.","$44,995",Good
2021 Lexus GX 460 Base,"53,618 mi.","$37,997",Great
2021 Lexus GX 460 Luxury,"31,601 mi.","$49,888",Good
2021 Lexus GX 460 Base,"36,393 mi.","$43,894",Good
2021 Lexus GX 460 Base,"54,283 mi.","$39,800",Great
2021 Lexus GX 460 Premium,"41,351 mi.","$41,590",Great
2021 Lexus GX 460 Base,"51,152 mi.","$39,871",Great
2021 Lexus GX 460 Base,"16,341 mi.","$56,929",Fair
2021 Lexus GX 460 Base,"41,255 mi.","$43,998",Good
2021 Lexus GX 460 Base,"15,436 mi.","$48,388",Good
2021 Lexus GX 460 Base,"31,802 mi.","$45,039",Good
2021 Lexus GX 460 Base,"7,322 mi.","$52,795",Good
2021 Lexus GX 460 Base,"19,870 mi.","$47,495",Good
2021 Lexus GX 460 Base,"48,371 mi.","$42,998",Great
2021 Lexus GX 460 Base,"37,968 mi.","$41,004",Good
2021 Lexus GX 460 Premium,"42,825 mi.","$49,920",Great
2021 Lexus GX 460 Base,"25,569 mi.","$49,963",Good
2021 Lexus GX 460 Base,"50,801 mi.","$42,995",Good
2021 Lexus GX 460 Base,"22,476 mi.","$48,983",Good
2021 Lexus GX 460 Premium,"25,030 mi.","$45,511",Good
2021 Lexus GX 460 Premium,"33,769 mi.","$45,998",Good
2021 Lexus GX 460 Base,"37,137 mi.","$44,500",Good
2021 Lexus GX 460 Base,"31,304 mi.","$50,594",Fair
2021 Lexus GX 460 Base,"58,717 mi.","$40,000",Good
2021 Lexus GX 460 Base,"38,821 mi.","$42,775",Good
2021 Lexus GX 460 Base,"22,108 mi.","$40,995",Good
2021 Lexus GX 460 Base,"31,787 mi.","$48,998",Good
2021 Lexus GX 460 Base,"25,679 mi.","$46,289",Good
2021 Lexus GX 460 Base,"122,220 mi.","$31,987",None
2021 Lexus GX 460 Base,"27,904 mi.","$62,014",None
2021 Lexus GX 460 Base,"32,867 mi.","$45,500",Good
2021 Lexus GX 460 Luxury,"25,232 mi.","$50,000",Good
2021 Lexus GX 460 Luxury,"41,644 mi.","$49,491",Good
2021 Lexus GX 460 Base,"22,425 mi.","$44,250",Good
2021 Lexus GX 460 Base,"29,936 mi.","$45,998",Good
2021 Lexus GX 460 Base,"48,716 mi.","$44,011",Good
2021 Lexus GX 460 Premium,"34,113 mi.","$43,103",Good
2021 Lexus GX 460 Base,"34,498 mi.","$45,998",Good
2021 Lexus GX 460 Luxury,"28,736 mi.","$47,800",Good
2021 Lexus GX 460 Base,"35,704 mi.","$46,998",Good
2021 Lexus GX 460 Base,"37,434 mi.","$52,929",Fair
2021 Lexus GX 460 Luxury,"60,924 mi.","$44,864",Good
2021 Lexus GX 460 Luxury,"36,299 mi.","$50,661",Good
2021 Lexus GX 460 Base,"12,724 mi.","$51,998",Good
2021 Lexus GX 460 Luxury,"39,958 mi.","$46,475",Good
2021 Lexus GX 460 Base,"25,835 mi.","$45,599",Good
2021 Lexus GX 460 Premium,"34,751 mi.","$42,514",Great
2021 Lexus GX 460 Base,"59,585 mi.","$39,998",Good
2021 Lexus GX 460 Base,"38,176 mi.","$40,998",Good
2021 Lexus GX 460 Premium,"54,198 mi.","$41,834",Good
2021 Lexus GX 460 Base,"10,483 mi.","$46,228",Good
2021 Lexus GX 460 Premium,"55,717 mi.","$40,666",Good
2021 Lexus GX 460 Base,"66,244 mi.","$39,071",Fair
2021 Lexus GX 460 Base,"48,986 mi.","$40,000",Good
2021 Lexus GX 460 Premium,"47,786 mi.","$45,999",Good
2021 Lexus GX 460 Base,"20,253 mi.","$50,369",Good
2021 Lexus GX 460 Premium,"45,429 mi.","$46,864",Good
2021 Lexus GX 460 Premium,"25,489 mi.","$44,866",Good
2021 Lexus GX 460 Base,"31,293 mi.","$47,291",Good
2021 Lexus GX 460 Base,"28,596 mi.","$45,992",Good
2021 Lexus GX 460 460,"19,156 mi.","$44,881",Good
2021 Lexus GX 460 Base,"43,727 mi.","$45,600",Good
2021 Lexus GX 460 Base,"11,010 mi.","$50,995",Good
2021 Lexus GX 460 Base,"18,906 mi.","$48,655",Fair
2021 Lexus GX 460 Base,"24,804 mi.","$44,224",Good
2021 Lexus GX 460 Premium,"63,793 mi.","$42,950",Good
2021 Lexus GX 460 Base,"35,751 mi.","$43,995",Good
2021 Lexus GX 460 Premium,"36,101 mi.","$44,700",Good
2021 Lexus GX 460 Base,"33,736 mi.","$43,998",Good
2021 Lexus GX 460 Base,"22,778 mi.","$46,995",Good
2021 Lexus GX 460 Base,"22,125 mi.","$46,977",Good
2021 Lexus GX 460 Premium,"33,376 mi.","$41,995",Great
2021 Lexus GX 460 Base,"15,450 mi.","$51,104",Good
2021 Lexus GX 460 Base,"44,875 mi.","$43,495",Good
2021 Lexus GX 460 Base,"35,592 mi.","$47,743",Good
2021 Lexus GX 460 Base,"38,151 mi.","$46,495",Good
2021 Lexus GX 460 Base,"33,515 mi.","$43,250",Good
2021 Lexus GX 460 Base,"30,214 mi.","$44,800",Good
2021 Lexus GX 460 Luxury,"28,860 mi.","$48,998",Good
2021 Lexus GX 460 Premium,"25,043 mi.","$46,300",Good
2021 Lexus GX 460 Base,"21,953 mi.","$45,998",Good
2021 Lexus GX 460 Base,"22,928 mi.","$47,988",Good
2021 Lexus GX 460 Premium,"38,875 mi.","$39,995",Great
2021 Lexus GX 460 GX 460 Premium 4WD,"54,030 mi.","$41,995",Good
2021 Lexus GX 460 Base,"38,529 mi.","$42,488",Good
2021 Lexus GX 460,"15,729 mi.","$48,888",Good
2021 Lexus GX 460 Base,"69,933 mi.","$37,688",Good
2021 Lexus GX 460 Base,"50,989 mi.","$42,999",Good
2021 Lexus GX 460 460,"52,912 mi.","$41,590",Good
2021 Lexus GX 460 Base,"87,315 mi.","$38,999",Good
2021 Lexus GX 460 Base,"40,633 mi.","$41,995",Good
2021 Lexus GX 460 Base,"40,035 mi.","$44,999",Good
2021 Lexus GX 460 Base,"37,079 mi.","$45,761",Good
2021 Lexus GX 460 Base,"29,685 mi.","$48,990",Good
2021 Lexus GX 460 Base,"54,214 mi.","$41,539",Good
2021 Lexus GX 460 Premium,"41,500 mi.","$44,958",Good
2021 Lexus GX 460 Base,"58,866 mi.","$39,494",Good
2021 Lexus GX 460 Premium,"39,091 mi.","$49,995",Good
2021 Lexus GX 460 Base,"24,525 mi.","$47,800",Good
2021 Lexus GX 460 460,"30,000 mi.","$46,651",Fair
2021 Lexus GX 460 Premium,"35,198 mi.","$44,995",Good
2021 Lexus GX 460 Base,"92,947 mi.","$42,488",Fair
2021 Lexus GX 460 Luxury,"20,927 mi.","$51,998",Good
2021 Lexus GX 460 Base,"27,373 mi.","$46,988",Good
2021 Lexus GX 460 Base,"18,066 mi.","$49,990",Good
2021 Lexus GX 460 Luxury,"46,949 mi.","$45,771",Good
2021 Lexus GX 460 Base,"46,584 mi.","$43,995",Good
2021 Lexus GX 460 Luxury,"74,293 mi.","$43,997",Good
2021 Lexus GX 460 460,"72,329 mi.","$42,368",Good
2021 Lexus GX 460 Premium,"46,871 mi.","$42,880",Good
2021 Lexus GX 460 Base,"57,086 mi.","$38,998",Great
2021 Lexus GX 460 Base,"10,843 mi.","$53,662",Good
2021 Lexus GX 460 Base,"26,546 mi.","$47,799",Good
2021 Lexus GX 460 Base,"55,925 mi.","$38,914",Great
2021 Lexus GX 460 Base,"47,120 mi.","$41,000",Great
2021 Lexus GX 460 Base,"17,338 mi.","$47,495",Great
2021 Lexus GX 460 Premium,"29,213 mi.","$50,895",Good
2021 Lexus GX 460 Base,"24,041 mi.","$49,990",Good
2021 Lexus GX 460 Base,"26,586 mi.","$46,685",Good
2021 Lexus GX 460 Base,"22,036 mi.","$45,495",Good
2021 Lexus GX 460 Base,"41,628 mi.","$44,988",Good
2021 Lexus GX 460 Base,"18,906 mi.","$45,495",Good
2021 Lexus GX 460 Premium,"88,800 mi.","$34,998",Great
2021 Lexus GX 460 Base,"32,972 mi.","$45,298",Good
2021 Lexus GX 460 Base,"51,578 mi.","$43,904",Great
2021 Lexus GX 460 Base,"66,929 mi.","$19,950",None
2021 Lexus GX 460 Premium,"31,338 mi.","$39,450",None
2021 Lexus GX 460 Luxury,"42,342 mi.","$47,780",Good
2021 Lexus GX 460 Base,"44,001 mi.","$47,900",Good
2021 Lexus GX 460 Base,"46,102 mi.","$49,425",None
2021 Lexus GX 460 Premium,"39,085 mi.","$46,999",Fair
2021 Lexus GX 460 Base,"64,040 mi.","$38,990",Good
2021 Lexus GX 460 Premium,"48,683 mi.","$41,392",Good
2021 Lexus GX 460 Premium,"47,806 mi.","$40,998",Great
2022 Lexus GX 460 Base,"38,215 mi.","$48,998",Great
2022 Lexus GX 460 Base,"15,523 mi.","$52,980",Good
2022 Lexus GX 460 Base,"16,156 mi.","$52,999",Great
2022 Lexus GX 460 460 LUXURY,"36,415 mi.","$52,988",Great
2022 Lexus GX 460 460,"25,275 mi.","$50,987",Good
2022 Lexus GX 460 Base,"12,023 mi.","$54,497",Good
2022 Lexus GX 460 Base,"30,752 mi.","$50,827",Good
2022 Lexus GX 460 Premium,"35,521 mi.","$50,991",Great
2022 Lexus GX 460 Base,"22,316 mi.","$51,400",Good
2022 Lexus GX 460 Premium,"13,329 mi.","$53,550",Good
2022 Lexus GX 460 Base,"24,501 mi.","$51,447",Good
2022 Lexus GX 460 460,"23,416 mi.","$54,163",Good
2022 Lexus GX 460 Premium,"17,069 mi.","$48,695",Fair
2022 Lexus GX 460 Premium,"35,323 mi.","$46,500",Great
2022 Lexus GX 460 Premium,"44,391 mi.","$46,400",None
2022 Lexus GX 460 Base,"32,238 mi.","$48,995",Good
2022 Lexus GX 460 Base,"36,515 mi.","$53,000",Fair
2022 Lexus GX 460 Base,"9,159 mi.","$54,995",Good
2022 Lexus GX 460 Base,"42,250 mi.","$46,995",Good
2022 Lexus GX 460 Premium,"22,407 mi.","$48,874",Good
2022 Lexus GX 460 Luxury,"31,950 mi.","$53,500",Good
2022 Lexus GX 460 Luxury,"36,554 mi.","$53,318",Good
2022 Lexus GX 460 Base,"33,533 mi.","$50,488",Good
2022 Lexus GX 460 460,"30,213 mi.","$54,659",Good
2022 Lexus GX 460 Base,"30,814 mi.","$50,262",Good
2022 Lexus GX 460 Premium,"29,000 mi.","$49,000",Great
2022 Lexus GX 460 Premium,"28,321 mi.","$53,995",Good
2022 Lexus GX 460 Base,"27,997 mi.","$52,888",None
2022 Lexus GX 460 Base,"13,931 mi.","$52,800",Good
2022 Lexus GX 460 AWD 4dr SUV,"51,301 mi.","$50,995",Fair
2022 Lexus GX 460 Base,"15,272 mi.","$55,990",Good
2022 Lexus GX 460 Base,"6,657 mi.","$54,995",Good
2022 Lexus GX 460 Base,"8,021 mi.","$51,986",Good
2022 Lexus GX 460 Luxury,"52,976 mi.","$54,900",Fair
2022 Lexus GX 460 Base,"32,489 mi.","$52,900",Good
2022 Lexus GX 460 Base,"30,892 mi.","$54,990",Fair
2022 Lexus GX 460 Base,"24,689 mi.","$53,500",Good
2022 Lexus GX 460 Base,"20,922 mi.","$49,853",Good
2022 Lexus GX 460 Base,"19,207 mi.","$55,887",Good
2022 Lexus GX 460 Premium,"17,345 mi.","$55,995",Good
2022 Lexus GX 460 Base,"17,981 mi.","$53,995",Good
2022 Lexus GX 460 Base,"29,360 mi.","$48,988",Good
2022 Lexus GX 460 Premium,"9,100 mi.","$51,500",Great
2022 Lexus GX 460 Base,"30,998 mi.","$56,616",Fair
2022 Lexus GX 460 Premium,"26,485 mi.","$51,881",Good
2022 Lexus GX 460 Base,"26,959 mi.","$53,990",Good
2022 Lexus GX 460 Base,"8,060 mi.","$62,999",Fair
2022 Lexus GX 460 Base,"20,151 mi.","$53,977",Good
2022 Lexus GX 460 Premium,"27,025 mi.","$53,995",Fair
2022 Lexus GX 460 Luxury,"14,842 mi.","$59,977",Fair
2022 Lexus GX 460 Luxury,"14,884 mi.","$59,302",Good
2022 Lexus GX 460 Luxury,"39,372 mi.","$54,992",Fair
2022 Lexus GX 460 Base,"41,906 mi.","$49,639",Fair
2022 Lexus GX 460 Base,"22,495 mi.","$49,491",Good
2022 Lexus GX 460 Premium,"21,019 mi.","$48,990",Good
2022 Lexus GX 460 Base,"27,614 mi.","$51,900",Fair
2022 Lexus GX 460 Base,"30,115 mi.","$50,995",Fair
2022 Lexus GX 460 Base,"22,078 mi.","$49,800",Good
2022 Lexus GX 460 Base,"38,907 mi.","$42,998",Good
2022 Lexus GX 460,"27,793 mi.","$47,988",Great
2022 Lexus GX 460,"22,907 mi.","$54,195",Good
2022 Lexus GX 460 Base,"36,583 mi.","$50,000",Fair
2022 Lexus GX 460 Luxury,"30,106 mi.","$53,991",Fair
2022 Lexus GX 460 Base,"35,744 mi.","$52,250",Good
2022 Lexus GX 460 Base,"14,478 mi.","$51,672",Good
2022 Lexus GX 460 Premium,"35,326 mi.","$50,998",Fair
2022 Lexus GX 460 Luxury,"14,161 mi.","$60,998",None
2022 Lexus GX 460 Base,"30,415 mi.","$59,493",Fair
2022 Lexus GX 460 Base,"61,118 mi.","$45,420",Fair
2022 Lexus GX 460 Base,"36,747 mi.","$47,995",Good
2022 Lexus GX 460 Base,"23,110 mi.","$54,585",Good
2022 Lexus GX 460 Base,"27,156 mi.","$56,837",Fair
2022 Lexus GX 460 Base,"31,539 mi.","$50,870",Good
2022 Lexus GX 460 Base,"58,901 mi.","$49,490",Fair
2022 Lexus GX 460 Base,"18,497 mi.","$57,600",Fair
2022 Lexus GX 460 Base,"17,338 mi.","$56,781",Good
2022 Lexus GX 460 Premium,"22,113 mi.","$56,699",Good
2022 Lexus GX 460 GX 460,"52,110 mi.","$46,294",Good
2022 Lexus GX 460 Base,"30,881 mi.","$49,911",Fair
2022 Lexus GX 460 460,"22,437 mi.","$53,880",Good
2022 Lexus GX 460 Base,"7,429 mi.","$59,662",Good
2022 Lexus GX 460 Base,"11,484 mi.","$56,998",Good
2022 Lexus GX 460 Base,"26,605 mi.","$50,200",Good
2022 Lexus GX 460 Base,"35,185 mi.","$46,988",Good
2022 Lexus GX 460 Base,"23,865 mi.","$53,892",Fair
2022 Lexus GX 460 Base,"20,830 mi.","$47,832",Good
2022 Lexus GX 460 Premium,"15,090 mi.","$56,000",Good
2022 Lexus GX 460 Premium,"40,374 mi.","$49,154",Good
2022 Lexus GX 460 Base,"22,789 mi.","$53,975",Good
2022 Lexus GX 460 Premium,"21,557 mi.","$49,995",Good
2022 Lexus GX 460 Base,"8,015 mi.","$54,998",Good
2022 Lexus GX 460 Base,"45,364 mi.","$52,990",Fair
2022 Lexus GX 460 GX 460 Premium,"38,145 mi.","$45,910",Good
2022 Lexus GX 460 Base,"13,787 mi.","$53,887",Good
2022 Lexus GX 460 Base,"6,808 mi.","$61,998",Fair
2022 Lexus GX 460 Premium,"29,550 mi.","$53,995",Good
2022 Lexus GX 460 Base,"34,375 mi.","$52,900",Good
2022 Lexus GX 460 Base,"6,239 mi.","$54,422",Good
2022 Lexus GX 460 Premium,"36,763 mi.","$50,988",None
2022 Lexus GX 460 Base,"52,028 mi.","$49,900",Fair
2022 Lexus GX 460 Premium,"8,031 mi.","$55,989",Good
2022 Lexus GX 460 Base,"19,940 mi.","$50,789",None
2023 Lexus GX 460 Base,"6,794 mi.","$55,874",Good
2023 Lexus GX 460 Base,"28,133 mi.","$57,998",Good
2023 Lexus GX 460 Premium,"7,106 mi.","$62,590",Great
2023 Lexus GX 460 Luxury,"15,761 mi.","$60,800",Good
2023 Lexus GX 460 Premium,"14,501 mi.","$57,648",Great
2023 Lexus GX 460 Premium,"26,789 mi.","$58,000",Good
2023 Lexus GX 460 Premium,"12,664 mi.","$58,613",Good
2023 Lexus GX 460 Base,"21,149 mi.","$58,387",Fair
2023 Lexus GX 460 460,"4,709 mi.","$59,990",Great
2023 Lexus GX 460 Base,"13,869 mi.","$56,790",Good
2023 Lexus GX 460 Base,"10,393 mi.","$62,203",Fair
2023 Lexus GX 460 Luxury,"11,303 mi.","$59,988",Good
2023 Lexus GX 460 Base,"8,685 mi.","$61,636",Good
2023 Lexus GX 460 Luxury,"19,819 mi.","$64,665",Good
2023 Lexus GX 460 Base,"7,713 mi.","$59,966",Good
2023 Lexus GX 460 460,"19,054 mi.","$59,590",Good
2023 Lexus GX 460 Base,"12,088 mi.","$59,944",Good
2023 Lexus GX 460,"15,029 mi.","$58,927",Good
2023 Lexus GX 460 Base,"10,997 mi.","$58,299",Great
2023 Lexus GX 460 Base,"18,167 mi.","$55,887",Good
2023 Lexus GX 460 Base,"19,416 mi.","$62,995",Fair
2023 Lexus GX 460 Base,"9,004 mi.","$57,995",Great
2023 Lexus GX 460 Premium,"16,160 mi.","$58,788",Good
2023 Lexus GX 460 Base,"3,518 mi.","$60,000",Great
2023 Lexus GX 460 Luxury,"5,288 mi.","$64,988",Good
2023 Lexus GX 460 Base,"16,925 mi.","$55,997",Good
2023 Lexus GX 460 Premium,"14,780 mi.","$57,995",Good
2023 Lexus GX 460 Premium,"11,044 mi.","$58,998",Great
2023 Lexus GX 460 Premium,"11,139 mi.","$60,000",Good
2023 Lexus GX 460 Base,"49,491 mi.","$52,495",Good
2023 Lexus GX 460 Premium,"8,541 mi.","$60,999",Good
2023 Lexus GX 460 Base,"10,741 mi.","$55,008",Fair
2023 Lexus GX 460 Base,"16,187 mi.","$58,000",Good
2023 Lexus GX 460,"4,633 mi.","$64,988",None
2023 Lexus GX 460 GX 460 Premium,"9,599 mi.","$60,000",Good
2023 Lexus GX 460 Luxury,"15,849 mi.","$67,657",Fair
2023 Lexus GX 460 Base,"7,445 mi.","$60,991",Good
2023 Lexus GX 460 Base,"27,159 mi.","$57,988",Fair
2023 Lexus GX 460 Luxury,"6,630 mi.","$61,398",Good
2023 Lexus GX 460 460,"11,341 mi.","$60,888",Good
2023 Lexus GX 460 Premium,"1,861 mi.","$59,995",Great
2023 Lexus GX 460 Premium,"21,785 mi.","$54,808",Good
2023 Lexus GX 460 Base,"11,188 mi.","$59,500",Good
2023 Lexus GX 460 Base,"14,126 mi.","$58,990",Good
2023 Lexus GX 460 Base,"1,898 mi.","$63,844",Fair
2023 Lexus GX 460 Base,"21,273 mi.","$61,495",Good
2023 Lexus GX 460 Base,"13,900 mi.","$55,900",Good
2023 Lexus GX 460 Premium,"15,309 mi.","$54,980",Great
2023 Lexus GX 460 Base,"3,409 mi.","$62,988",Good
2023 Lexus GX 460 Luxury,"10,808 mi.","$63,500",Good
2023 Lexus GX 460 Base,"8,966 mi.","$58,991",Good
2023 Lexus GX 460 Base,"7,698 mi.","$62,495",Good
2023 Lexus GX 460 Base,"9,594 mi.","$58,990",Good
2023 Lexus GX 460 Luxury,"3,366 mi.","$65,995",Good
2023 Lexus GX 460 Base,"2,799 mi.","$57,999",Fair
2023 Lexus GX 460 Luxury,"1,782 mi.","$65,000",Good
2023 Lexus GX 460 Premium,"2,950 mi.","$60,688",Great
2023 Lexus GX 460 Luxury,"32,400 mi.","$63,500",Fair
2023 Lexus GX 460 Luxury,"3,377 mi.","$62,525",Fair
2023 Lexus GX 460 Base,"21,118 mi.","$60,250",Good
2023 Lexus GX 460 Premium,"11,438 mi.","$59,514",Great
2023 Lexus GX 460 Base,"12,769 mi.","$59,000",Good
2023 Lexus GX 460 Premium,"12,380 mi.","$57,999",Good
2023 Lexus GX 460 Luxury,"6,201 mi.","$65,424",Good
2023 Lexus GX 460 Luxury,"2,695 mi.","$63,000",Good
2023 Lexus GX 460 Base,"30,281 mi.","$57,695",Good
2023 Lexus GX 460 460,"13,969 mi.","$56,883",Good
2023 Lexus GX 460 Luxury,"13,226 mi.","$65,440",Fair
2023 Lexus GX 460 Base,"6,498 mi.","$63,975",Fair
2023 Lexus GX 460 Base,"5,862 mi.","$57,896",Good
2023 Lexus GX 460 Luxury,"39,073 mi.","$63,995",Fair
2023 Lexus GX 460 Base,"4,681 mi.","$63,497",Good
2023 Lexus GX 460 Luxury,"23,274 mi.","$58,295",Good
2023 Lexus GX 460 Base,"34,693 mi.","$55,299",Fair
2023 Lexus GX 460 Base,"18,906 mi.","$57,675",Good
2023 Lexus GX 460 Base,"1,038 mi.","$62,465",Good
2023 Lexus GX 460 Base,"19,205 mi.","$62,888",Fair
2023 Lexus GX 460 Base,"13,131 mi.","$60,000",Good
2023 Lexus GX 460 Base,"9,408 mi.","$54,837",Good
2023 Lexus GX 460 Base,"12,421 mi.","$63,688",Fair
2023 Lexus GX 460 Luxury,"5,533 mi.","$66,777",Good
2023 Lexus GX 460 Luxury,"18,083 mi.","$58,500",Great
2023 Lexus GX 460 Base,"12,128 mi.","$63,888",Fair
2023 Lexus GX 460 Base,"27,086 mi.","$54,888",Good
2023 Lexus GX 460 Luxury,"19,822 mi.","$62,990",Good
2023 Lexus GX 460 Base,"11,570 mi.","$60,818",Good
2023 Lexus GX 460 Base,"23,106 mi.","$49,674",Great
2023 Lexus GX 460 Base,"2,185 mi.","$63,899",Fair
2023 Lexus GX 460 Base,"17,271 mi.","$59,991",Good
2023 Lexus GX 460 Premium,"10,872 mi.","$54,745",Good
2023 Lexus GX 460 Luxury,"12,696 mi.","$63,756",Good
2023 Lexus GX 460 Base,"6,832 mi.","$58,375",Fair
2023 Lexus GX 460 Base,"2,551 mi.","$57,488",Good
2023 Lexus GX 460 Luxury,"7,632 mi.","$71,900",Fair
2023 Lexus GX 460 Base,"9,135 mi.","$58,291",Good
2023 Lexus GX 460 Luxury,"26,112 mi.","$64,510",Fair
2023 Lexus GX 460 Base,"25,512 mi.","$53,500",Fair
2023 Lexus GX 460 Base,"8,422 mi.","$58,500",Great
2023 Lexus GX 460 Base,"10,747 mi.","$61,300",Fair
2023 Lexus GX 460 GX 460 Premium,"2,375 mi.","$64,988",Good
2023 Lexus GX 460 Base,"7,273 mi.","$58,300",Good
2023 Lexus GX 460 Base,"4,678 mi.","$58,597",Good
2023 Lexus GX 460 Base,"8,386 mi.","$57,741",Good
2023 Lexus GX 460 Base,"21,439 mi.","$60,888",Fair
2023 Lexus GX 460 Base,"9,190 mi.","$60,998",Good
2023 Lexus GX 460 Luxury,"15,353 mi.","$60,987",Good
2023 Lexus GX 460 Luxury,"10,262 mi.","$60,998",Good
2023 Lexus GX 460 Luxury,"1,984 mi.","$63,408",Good
2023 Lexus GX 460 Luxury,"26,765 mi.","$65,988",Good
2023 Lexus GX 460 Base,"7,947 mi.","$57,452",Good
2023 Lexus GX 460 460,"39,017 mi.","$56,000",Good
2023 Lexus GX 460 Base,"6,520 mi.","$58,991",Good
2023 Lexus GX 460 Base,"3,684 mi.","$61,998",Good
2023 Lexus GX 460 Premium,"2,077 mi.","$58,982",Good
2023 Lexus GX 460 Premium,"9,352 mi.","$60,750",Great
2023 Lexus GX 460 Base,"4,568 mi.","$62,599",Good
2023 Lexus GX 460 Base,"11,324 mi.","$58,873",Fair
2023 Lexus GX 460 Base AWD 4dr SUV,"5,236 mi.","$57,500",Fair
2023 Lexus GX 460 Base,743 mi.,"$59,998",Good
2023 Lexus GX 460 Premium,"2,265 mi.","$59,900",Good
2023 Lexus GX 460 Premium,"4,340 mi.","$60,900",Good
2023 Lexus GX 460 Base,"5,535 mi.","$64,488",Fair
2023 Lexus GX 460 Base,"38,385 mi.","$57,063",Fair
2023 Lexus GX 460 Base,"2,184 mi.","$58,998",Good
2023 Lexus GX 460 Base,"2,551 mi.","$61,798",Good
2023 Lexus GX 460 Premium,"11,662 mi.","$56,983",Fair
2023 Lexus GX 460 Base,"10,421 mi.","$59,977",Good
2023 Lexus GX 460 Luxury,"29,350 mi.","$61,750",Fair
2023 Lexus GX 460 Base,"17,770 mi.","$60,662",Good
2023 Lexus GX 460 Base,"7,390 mi.","$60,991",Good
2023 Lexus GX 460 Base,"14,763 mi.","$59,998",Good
2023 Lexus GX 460 Luxury,"20,986 mi.","$64,662",Good
2023 Lexus GX 460 Base,"7,106 mi.","$64,998",Fair
2023 Lexus GX 460 Base,"8,661 mi.","$57,895",Good
2023 Lexus GX 460 Base,"23,317 mi.","$56,977",Good
2023 Lexus GX 460 Base,"7,350 mi.","$58,998",Good
2023 Lexus GX 460 460,"13,038 mi.","$57,988",Good
2023 Lexus GX 460 Base,"14,954 mi.","$61,998",Fair
2023 Lexus GX 460 Luxury,"12,432 mi.","$66,990",Fair
2023 Lexus GX 460 Luxury,"10,564 mi.","$62,933",Good
2023 Lexus GX 460 Base,"2,248 mi.","$66,662",Fair
2023 Lexus GX 460 Base,"9,076 mi.","$58,973",Good
2023 Lexus GX 460 Luxury,"15,142 mi.","$66,987",Good
2023 Lexus GX 460 GX 460,"12,718 mi.","$58,799",Good
2023 Lexus GX 460 Base,"10,861 mi.","$60,662",Good
2023 Lexus GX 460 Base,"28,057 mi.","$54,000",Great
2023 Lexus GX 460 Premium,"16,713 mi.","$57,977",Good
2023 Lexus GX 460,"2,230 mi.","$58,998",Great
2023 Lexus GX 460 460,"18,706 mi.","$57,991",Good
2023 Lexus GX 460 Base,"10,863 mi.","$60,598",Good
2023 Lexus GX 460 Luxury,"17,624 mi.","$65,663",Good
2023 Lexus GX 460 Base,"36,295 mi.","$55,000",Fair
2023 Lexus GX 460 Premium,"20,966 mi.","$35,900",None
2023 Lexus GX 460 Base,995 mi.,"$58,888",Good
2023 Lexus GX 460 Base,10 mi.,"$62,526",None
2023 Lexus GX 460 Premium,"8,000 mi.","$63,000",None
2014 Lexus GX 460 460,"142,108 mi.","$22,500",Good
2014 Lexus GX 460 Base,"106,988 mi.","$24,988",None
2014 Lexus GX 460 Base,"116,662 mi.",Not Priced,None
2014 Lexus GX 460 Base,"135,218 mi.","$22,988",Fair
2014 Lexus GX 460 Base,"112,359 mi.","$26,992",None
2014 Lexus GX 460 Luxury,"123,663 mi.","$24,999",Fair
2014 Lexus GX 460 Base,"57,669 mi.","$28,888",None
2014 Lexus GX 460 Base,"94,734 mi.","$26,480",Fair
2014 Lexus GX 460 460,"175,163 mi.","$18,999",Fair
2015 Lexus GX 460 Base,"109,091 mi.","$26,900",Good
2015 Lexus GX 460 Base,0 mi.,"$23,995",None
2015 Lexus GX 460 460,"138,400 mi.","$24,995",Fair
2015 Lexus GX 460 Base,"100,093 mi.","$26,800",Good
2015 Lexus GX 460 Base,"92,634 mi.","$26,088",Good
2015 Lexus GX 460 Base,"83,107 mi.","$25,899",Good
2016 Lexus GX 460 Base,"75,335 mi.","$28,998",None
2016 Lexus GX 460 Base,"100,085 mi.","$24,899",Great
2016 Lexus GX 460 Base,"202,011 mi.","$24,436",Fair
2016 Lexus GX 460 Base,"65,155 mi.","$28,315",Great
2016 Lexus GX 460 Base,"86,552 mi.","$27,400",Great
2016 Lexus GX 460 Base,"98,856 mi.","$34,995",Fair
2016 Lexus GX 460 Base,"139,581 mi.","$24,900",Fair
2016 Lexus GX 460 Base,"143,713 mi.",Not Priced,None
2017 Lexus GX 460 Base,"106,667 mi.","$27,961",Good
2017 Lexus GX 460 Luxury,"136,228 mi.","$26,500",Good
2017 Lexus GX 460 Base,"64,714 mi.","$30,760",Good
2017 Lexus GX 460 Base,"91,510 mi.","$29,995",Good
2017 Lexus GX 460 Base,None,"$32,060",None
2017 Lexus GX 460 Base,"83,215 mi.",Not Priced,None
2017 Lexus GX 460 Base,"101,966 mi.","$27,474",None
2017 Lexus GX 460 460,"89,583 mi.","$28,455",Good
2018 Lexus GX 460 460,"70,062 mi.","$32,288",Good
2018 Lexus GX 460 Base,"70,987 mi.","$32,000",Good
2018 Lexus GX 460 Luxury,"44,205 mi.",Not Priced,None
2018 Lexus GX 460 Base,"88,462 mi.",Not Priced,None
2018 Lexus GX 460 Luxury,"86,033 mi.","$32,999",Good
2018 Lexus GX 460 GX 460,"77,861 mi.","$32,995",Good
2018 Lexus GX 460 Base,"44,391 mi.",Not Priced,None
2018 Lexus GX 460 Base,"85,401 mi.","$30,595",Good
2018 Lexus GX 460 Base,"25,348 mi.","$38,998",None
2018 Lexus GX 460 Base,"95,249 mi.","$29,975",Good
2018 Lexus GX 460 Luxury,"93,971 mi.","$34,916",None
2018 Lexus GX 460 Base,"106,602 mi.","$27,331",Great
2018 Lexus GX 460 Luxury,"106,680 mi.","$31,991",Good
2018 Lexus GX 460 Base,0 mi.,Not Priced,None
2018 Lexus GX 460 Base,"90,816 mi.","$30,990",None
2018 Lexus GX 460 Base,"108,177 mi.","$30,995",Good
2018 Lexus GX 460 Base,"44,733 mi.","$34,289",None
2019 Lexus GX 460 Base,"58,900 mi.","$33,966",None
2019 Lexus GX 460 Base,"66,965 mi.","$36,415",Good
2019 Lexus GX 460 Luxury,"31,723 mi.","$47,995",Fair
2019 Lexus GX 460 Base,"72,288 mi.","$33,995",Good
2019 Lexus GX 460 Base,"99,550 mi.","$36,162",None
2019 Lexus GX 460 Base,"61,493 mi.","$36,999",Good
2019 Lexus GX 460 Luxury,"67,793 mi.",Not Priced,None
2019 Lexus GX 460 Base,"42,114 mi.","$41,788",Good
2019 Lexus GX 460 Base,"46,056 mi.","$38,310",Good
2019 Lexus GX 460 Base,"57,496 mi.","$36,500",Good
2019 Lexus GX 460,"25,323 mi.","$43,590",Good
2019 Lexus GX 460 Premium,"57,134 mi.","$35,480",Good
2019 Lexus GX 460 Premium,"81,510 mi.","$31,600",Good
2019 Lexus GX 460 460,"39,699 mi.",Not Priced,None
2019 Lexus GX 460 Base,"52,632 mi.","$38,000",Good
2019 Lexus GX 460 Base,"35,742 mi.","$38,998",None
2020 Lexus GX 460 Base,"31,646 mi.","$43,997",Fair
2020 Lexus GX 460 Base,"75,552 mi.","$34,896",Good
2020 Lexus GX 460 Base,"119,975 mi.","$38,995",Fair
2020 Lexus GX 460 Premium,"45,523 mi.","$45,950",Good
2020 Lexus GX 460 Base,"28,427 mi.","$40,000",Good
2020 Lexus GX 460 Base,"39,431 mi.","$38,991",None
2020 Lexus GX 460 Premium,"65,679 mi.",Not Priced,None
2020 Lexus GX 460 Luxury,"41,026 mi.",Not Priced,None
2020 Lexus GX 460 Base,"49,674 mi.","$38,241",Good
2020 Lexus GX 460 Base,"36,524 mi.","$42,777",Good
2020 Lexus GX 460 Premium,"43,653 mi.","$40,997",Good
2020 Lexus GX 460 Luxury,"45,326 mi.","$46,032",Good
2020 Lexus GX 460 Base,"73,715 mi.","$39,311",Good
2021 Lexus GX 460,"24,680 mi.",Not Priced,None
2021 Lexus GX 460 Base,"26,590 mi.","$49,983",Good
2021 Lexus GX 460 Base,"34,266 mi.","$41,962",Good
2021 Lexus GX 460 Base,"27,123 mi.","$48,981",Good
2021 Lexus GX 460 Luxury,"15,358 mi.","$57,985",Fair
2021 Lexus GX 460 Base,"21,328 mi.","$47,932",Good
2021 Lexus GX 460 Premium,"45,985 mi.","$42,000",None
2021 Lexus GX 460 Base,"50,417 mi.","$41,995",Good
2021 Lexus GX 460 Base,"66,830 mi.",Not Priced,None
2021 Lexus GX 460 Base,"33,206 mi.","$48,999",Good
2021 Lexus GX 460 Base,"30,807 mi.","$48,995",Good
2021 Lexus GX 460 Base,"36,414 mi.","$45,000",Good
2021 Lexus GX 460 Base,"48,000 mi.","$38,792",Great
2021 Lexus GX 460 Base,"20,673 mi.","$50,993",Fair
2021 Lexus GX 460 Base,"26,671 mi.","$44,991",None
2021 Lexus GX 460 Base,"25,967 mi.","$48,598",Good
2021 Lexus GX 460 Base,"53,010 mi.",Not Priced,None
2021 Lexus GX 460 Base,"38,941 mi.","$49,425",Good
2021 Lexus GX 460 Base,"48,929 mi.","$43,841",Good
2021 Lexus GX 460 Base,"41,924 mi.","$38,281",Great
2021 Lexus GX 460 Base,"62,901 mi.","$44,993",Fair
2021 Lexus GX 460 Premium,"24,528 mi.","$46,997",Good
2021 Lexus GX 460 Base,"33,040 mi.","$42,428",Good
2021 Lexus GX 460 Base,"17,938 mi.","$46,995",Good
2021 Lexus GX 460 Base,"26,995 mi.","$48,100",Good
2021 Lexus GX 460 Base,"32,288 mi.","$45,999",Good
2021 Lexus GX 460 Base,"24,610 mi.","$40,763",Great
2021 Lexus GX 460 Luxury,"36,328 mi.",Not Priced,None
2021 Lexus GX 460,"45,752 mi.","$46,894",Good
2021 Lexus GX 460 Base,"41,895 mi.","$43,998",None
2021 Lexus GX 460 Premium,"28,187 mi.","$45,800",Good
2021 Lexus GX 460 Base,"30,503 mi.","$41,779",Great
2021 Lexus GX 460 Base,"38,947 mi.","$47,997",Fair
2021 Lexus GX 460,"41,260 mi.","$48,590",Good
2021 Lexus GX 460 460,"30,689 mi.",Not Priced,None
2021 Lexus GX 460 Premium,"36,566 mi.","$44,997",Good
2021 Lexus GX 460 Base,"34,952 mi.","$42,904",Good
2021 Lexus GX 460 Base,"21,847 mi.","$44,499",Great
2021 Lexus GX 460 Base,"28,685 mi.","$41,703",Great
2021 Lexus GX 460 Base,"33,210 mi.","$47,700",Good
2021 Lexus GX 460 Premium,"31,290 mi.","$46,900",Good
2021 Lexus GX 460 Base,"19,406 mi.","$50,993",Fair
2021 Lexus GX 460 Premium,"42,101 mi.",Not Priced,None
2022 Lexus GX 460 Base,"34,784 mi.","$52,495",Good
2022 Lexus GX 460 Premium,"34,428 mi.","$54,501",Good
2022 Lexus GX 460 Base,"22,568 mi.","$52,995",Good
2022 Lexus GX 460 Luxury,"9,010 mi.",Not Priced,None
2022 Lexus GX 460 Base,"19,457 mi.",Not Priced,None
2022 Lexus GX 460 Base,"25,890 mi.","$52,565",None
2022 Lexus GX 460,"44,904 mi.","$51,995",None
2022 Lexus GX 460 Premium,"33,342 mi.","$51,888",Fair
2022 Lexus GX 460 Base,"39,758 mi.",Not Priced,None
2022 Lexus GX 460 Base,"61,358 mi.","$48,997",None
2022 Lexus GX 460 Base,"27,918 mi.","$53,866",Good
2022 Lexus GX 460 Base,"69,123 mi.",Not Priced,None
2022 Lexus GX 460,"48,863 mi.","$49,000",None
2022 Lexus GX 460 Base,"20,871 mi.","$54,924",Fair
2022 Lexus GX 460 Base,"12,182 mi.","$54,899",Good
2022 Lexus GX 460 Base,"48,737 mi.","$44,998",None
2023 Lexus GX 460 Premium,"23,766 mi.","$55,467",Good
2023 Lexus GX 460 Base,"3,755 mi.",Not Priced,None
2023 Lexus GX 460 Base,5 mi.,"$65,390",None
2023 Lexus GX 460 Base,"43,989 mi.","$53,994",Fair
2023 Lexus GX 460 Base,5 mi.,"$63,855",None
2023 Lexus GX 460 Base,55 mi.,Not Priced,None
2023 Lexus GX 460 Base,"12,280 mi.","$62,669",None
2023 Lexus GX 460 Premium,"10,479 mi.",Not Priced,None
2023 Lexus GX 460 Luxury,10 mi.,"$64,987",None
2023 Lexus GX 460 Base,5 mi.,"$65,662",None
2023 Lexus GX 460 Premium,"32,001 mi.",Not Priced,None
2023 Lexus GX 460 Base,"22,601 mi.","$57,386",Good
2023 Lexus GX 460 Base,"6,405 mi.","$59,988",None
2023 Lexus GX 460 Base,"8,440 mi.","$63,990",Fair
2023 Lexus GX 460 Base,"30,139 mi.","$55,990",Good
2023 Lexus GX 460 Base,"1,924 mi.","$61,297",Good
2023 Lexus GX 460 Luxury,"5,704 mi.","$68,000",None
2023 Lexus GX 460 Base,"17,677 mi.","$60,998",None
2023 Lexus GX 460 Base,0 mi.,Not Priced,None
2023 Lexus GX 460 Base,"33,576 mi.","$55,366",Good
2023 Lexus GX 460 Base,"4,978 mi.","$59,000",None
2023 Lexus GX 460 Base,"3,880 mi.","$63,975",None
2023 Lexus GX 460 Base,5 mi.,"$62,630",None
2023 Lexus GX 460 Base,"6,401 mi.","$59,999",Good
2023 Lexus GX 460 Base,"9,074 mi.","$58,500",Fair
2023 Lexus GX 460 Base,"2,604 mi.","$60,344",None
2023 Lexus GX 460 Luxury,"11,211 mi.","$62,856",None
2023 Lexus GX 460 Luxury,"48,835 mi.","$59,488",Fair
2023 Lexus GX 460 Luxury,"13,373 mi.","$62,667",Good
2023 Lexus GX 460 Base,"24,314 mi.","$55,891",Great
2023 Lexus GX 460 Base,"25,028 mi.","$57,119",Good
2023 Lexus GX 460 Base,"2,243 mi.","$60,985",Good
2023 Lexus GX 460 Base,142 mi.,"$64,995",None
2023 Lexus GX 460,"13,470 mi.","$59,500",Good
