Title,Miles,Price,Deal,Year,Make,Model
2014 Lexus GX 460 Base,116480,23987,Fair,2014,Lexus,GX 460 Base
2014 Lexus GX 460 460,118131,22490,Good,2014,Lexus,GX 460 460
2014 Lexus GX 460 Luxury,133167,24744,Fair,2014,Lexus,GX 460 Luxury
2014 Lexus GX 460 Base,124481,21488,None,2014,Lexus,GX 460 Base
2014 Lexus GX 460 Base,106325,27995,Fair,2014,Lexus,GX 460 Base
2014 Lexus GX 460 Luxury,134308,23895,Fair,2014,Lexus,GX 460 Luxury
2014 Lexus GX 460 Luxury,98000,28900,Fair,2014,Lexus,GX 460 Luxury
2014 Lexus GX 460 Base,96889,29995,Fair,2014,Lexus,GX 460 Base
2014 Lexus GX 460 Luxury,72571,26995,Good,2014,Lexus,GX 460 Luxury
2014 Lexus GX 460 Base,176070,20944,Fair,2014,Lexus,GX 460 Base
2014 Lexus GX 460 4WD,171350,19995,Good,2014,Lexus,GX 460 4WD
2014 Lexus GX 460 Base,138769,20995,Good,2014,Lexus,GX 460 Base
2014 Lexus GX 460 Base,101161,23995,Fair,2014,Lexus,GX 460 Base
2014 Lexus GX 460 Base,81806,24993,Good,2014,Lexus,GX 460 Base
2014 Lexus GX 460 Base,75855,26399,Fair,2014,Lexus,GX 460 Base
2014 Lexus GX 460 Base,101005,25196,Fair,2014,Lexus,GX 460 Base
2014 Lexus GX 460 Base,156390,20999,Good,2014,Lexus,GX 460 Base
2014 Lexus GX 460 Sport Utility,77527,25943,Good,2014,Lexus,GX 460 Sport Utility
2014 Lexus GX 460 460,69396,27500,Fair,2014,Lexus,GX 460 460
2014 Lexus GX 460 Base,72750,25890,Good,2014,Lexus,GX 460 Base
2014 Lexus GX 460 Luxury,86085,26387,Good,2014,Lexus,GX 460 Luxury
2014 Lexus GX 460 Base,73136,26555,Good,2014,Lexus,GX 460 Base
2014 Lexus GX 460 Base,84057,26991,Good,2014,Lexus,GX 460 Base
2014 Lexus GX 460 Base,140243,22999,Fair,2014,Lexus,GX 460 Base
2014 Lexus GX 460 Base,153858,26999,None,2014,Lexus,GX 460 Base
2014 Lexus GX 460 Base,155698,24998,None,2014,Lexus,GX 460 Base
2014 Lexus GX 460 Base,151379,20995,Fair,2014,Lexus,GX 460 Base
2014 Lexus GX 460 Luxury,108464,23995,Fair,2014,Lexus,GX 460 Luxury
2014 Lexus GX 460 Base,115733,23850,Fair,2014,Lexus,GX 460 Base
2014 Lexus GX 460 Base,97592,21999,Good,2014,Lexus,GX 460 Base
2014 Lexus GX 460 Base,95148,25980,Fair,2014,Lexus,GX 460 Base
2014 Lexus GX 460 Premium w/ Navigation BSM,85673,25595,Good,2014,Lexus,GX 460 Premium w/ Navigation BSM
2014 Lexus GX 460 GX 460 Sport Utility 4D,77160,25699,Good,2014,Lexus,GX 460 GX 460 Sport Utility 4D
2014 Lexus GX 460 Base,129477,21995,Good,2014,Lexus,GX 460 Base
2014 Lexus GX 460 Base,89309,29995,Fair,2014,Lexus,GX 460 Base
2014 Lexus GX 460 Base,163847,19481,Fair,2014,Lexus,GX 460 Base
2014 Lexus GX 460 Luxury,122575,25998,Good,2014,Lexus,GX 460 Luxury
2014 Lexus GX 460 Luxury,164096,20999,Fair,2014,Lexus,GX 460 Luxury
2014 Lexus GX 460 Base,164363,21364,None,2014,Lexus,GX 460 Base
2014 Lexus GX 460 Base,112520,25988,Fair,2014,Lexus,GX 460 Base
2014 Lexus GX 460 Base,88314,24495,Good,2014,Lexus,GX 460 Base
2014 Lexus GX 460 GX 460 Sport Utility 4D,98534,22995,Good,2014,Lexus,GX 460 GX 460 Sport Utility 4D
2014 Lexus GX 460 Luxury,105824,27995,Fair,2014,Lexus,GX 460 Luxury
2014 Lexus GX 460 Base,103873,21991,Fair,2014,Lexus,GX 460 Base
2014 Lexus GX 460 Base,107971,23978,Fair,2014,Lexus,GX 460 Base
2014 Lexus GX 460 Luxury,129061,22995,Fair,2014,Lexus,GX 460 Luxury
2014 Lexus GX 460 Base,159305,22350,Fair,2014,Lexus,GX 460 Base
2014 Lexus GX 460 GX 460 Sport Utility 4D,132421,21499,Good,2014,Lexus,GX 460 GX 460 Sport Utility 4D
2014 Lexus GX 460 Base,75768,26499,Fair,2014,Lexus,GX 460 Base
2014 Lexus GX 460 Luxury,170995,21785,Good,2014,Lexus,GX 460 Luxury
2014 Lexus GX 460 460,69367,24988,Good,2014,Lexus,GX 460 460
2014 Lexus GX 460 Base,175802,18000,Fair,2014,Lexus,GX 460 Base
2015 Lexus GX 460 Luxury,113020,26247,Good,2015,Lexus,GX 460 Luxury
2015 Lexus GX 460 Base,34339,33998,Good,2015,Lexus,GX 460 Base
2015 Lexus GX 460 Luxury,136138,22999,Great,2015,Lexus,GX 460 Luxury
2015 Lexus GX 460 GX 460 Sport Utility 4D,110223,22995,Great,2015,Lexus,GX 460 GX 460 Sport Utility 4D
2015 Lexus GX 460 4WD 4dr,101007,21500,Good,2015,Lexus,GX 460 4WD 4dr
2015 Lexus GX 460 Base,90850,29991,Fair,2015,Lexus,GX 460 Base
2015 Lexus GX 460 Base,74879,29998,Good,2015,Lexus,GX 460 Base
2015 Lexus GX 460 Base AWD 4dr SUV,105336,24990,Good,2015,Lexus,GX 460 Base AWD 4dr SUV
2015 Lexus GX 460 Base AWD 4dr SUV,176052,20488,Good,2015,Lexus,GX 460 Base AWD 4dr SUV
2015 Lexus GX 460 Base,68209,32240,Fair,2015,Lexus,GX 460 Base
2015 Lexus GX 460 Base,151694,24995,Fair,2015,Lexus,GX 460 Base
2015 Lexus GX 460 460,93334,25000,Good,2015,Lexus,GX 460 460
2015 Lexus GX 460 Base,80166,24810,Good,2015,Lexus,GX 460 Base
2015 Lexus GX 460 460,117697,23407,Fair,2015,Lexus,GX 460 460
2015 Lexus GX 460 Base,110000,22995,Good,2015,Lexus,GX 460 Base
2015 Lexus GX 460 Base,171747,23777,Fair,2015,Lexus,GX 460 Base
2015 Lexus GX 460 Base,86917,27281,Good,2015,Lexus,GX 460 Base
2015 Lexus GX 460 Base,138473,20444,Good,2015,Lexus,GX 460 Base
2015 Lexus GX 460 Base,165198,20997,Good,2015,Lexus,GX 460 Base
2015 Lexus GX 460 Base,77320,28998,Great,2015,Lexus,GX 460 Base
2015 Lexus GX 460 GX 460 Sport Utility 4D,106099,24702,Good,2015,Lexus,GX 460 GX 460 Sport Utility 4D
2015 Lexus GX 460 Base,120000,22995,Good,2015,Lexus,GX 460 Base
2015 Lexus GX 460 Base,61847,30998,Good,2015,Lexus,GX 460 Base
2015 Lexus GX 460 Base,91000,28200,Fair,2015,Lexus,GX 460 Base
2015 Lexus GX 460 Luxury,73012,30674,Good,2015,Lexus,GX 460 Luxury
2015 Lexus GX 460 460,132628,18995,Great,2015,Lexus,GX 460 460
2015 Lexus GX 460 Luxury,87079,29995,Fair,2015,Lexus,GX 460 Luxury
2015 Lexus GX 460 Base,104988,29998,Fair,2015,Lexus,GX 460 Base
2015 Lexus GX 460 Base,86249,26500,Good,2015,Lexus,GX 460 Base
2015 Lexus GX 460 460,92185,26618,Good,2015,Lexus,GX 460 460
2015 Lexus GX 460 GX 460 Sport Utility 4D,118303,24999,Good,2015,Lexus,GX 460 GX 460 Sport Utility 4D
2015 Lexus GX 460 Luxury,191905,20650,Fair,2015,Lexus,GX 460 Luxury
2015 Lexus GX 460 Base,101153,25995,Good,2015,Lexus,GX 460 Base
2015 Lexus GX 460 Base,62391,29995,Fair,2015,Lexus,GX 460 Base
2015 Lexus GX 460 460,104340,27000,Good,2015,Lexus,GX 460 460
2015 Lexus GX 460 Luxury,144008,21999,Good,2015,Lexus,GX 460 Luxury
2015 Lexus GX 460 4WD 4dr,94170,27950,Fair,2015,Lexus,GX 460 4WD 4dr
2015 Lexus GX 460 Base,165282,18500,Good,2015,Lexus,GX 460 Base
2015 Lexus GX 460 Luxury,95696,25848,Good,2015,Lexus,GX 460 Luxury
2015 Lexus GX 460 460,92195,24999,Good,2015,Lexus,GX 460 460
2015 Lexus GX 460 Base,90871,24995,Good,2015,Lexus,GX 460 Base
2015 Lexus GX 460 Base,138118,25990,Good,2015,Lexus,GX 460 Base
2015 Lexus GX 460 Base,50109,28990,Good,2015,Lexus,GX 460 Base
2015 Lexus GX 460 Base,91805,25998,Good,2015,Lexus,GX 460 Base
2015 Lexus GX 460 Base,114926,22900,Good,2015,Lexus,GX 460 Base
2015 Lexus GX 460 Luxury,81217,28998,Good,2015,Lexus,GX 460 Luxury
2015 Lexus GX 460 Luxury AWD 4dr SUV,84148,29756,Fair,2015,Lexus,GX 460 Luxury AWD 4dr SUV
2015 Lexus GX 460 Base,99870,24995,Good,2015,Lexus,GX 460 Base
2015 Lexus GX 460 Luxury,115594,24598,Good,2015,Lexus,GX 460 Luxury
2015 Lexus GX 460 Base,125035,21488,Good,2015,Lexus,GX 460 Base
2015 Lexus GX 460 Base,104653,25998,Good,2015,Lexus,GX 460 Base
2015 Lexus GX 460 Base,139507,31995,Fair,2015,Lexus,GX 460 Base
2015 Lexus GX 460 Luxury,135383,23994,Good,2015,Lexus,GX 460 Luxury
2015 Lexus GX 460,139557,23498,Good,2015,Lexus,GX 460
2015 Lexus GX 460 Base,122637,22995,Good,2015,Lexus,GX 460 Base
2015 Lexus GX 460 Luxury,62779,33990,Fair,2015,Lexus,GX 460 Luxury
2015 Lexus GX 460 Base,165000,20499,Good,2015,Lexus,GX 460 Base
2015 Lexus GX 460 Luxury,128242,24999,Good,2015,Lexus,GX 460 Luxury
2015 Lexus GX 460 460,128583,21174,Good,2015,Lexus,GX 460 460
2015 Lexus GX 460 Base,109242,22779,Good,2015,Lexus,GX 460 Base
2015 Lexus GX 460 Luxury,110362,23799,Good,2015,Lexus,GX 460 Luxury
2015 Lexus GX 460 Base,67500,28400,Good,2015,Lexus,GX 460 Base
2015 Lexus GX 460 Luxury,77985,28699,Good,2015,Lexus,GX 460 Luxury
2015 Lexus GX 460 Base,190829,18000,Good,2015,Lexus,GX 460 Base
2015 Lexus GX 460 Luxury,85753,28995,Good,2015,Lexus,GX 460 Luxury
2015 Lexus GX 460 Base,98830,26952,Good,2015,Lexus,GX 460 Base
2015 Lexus GX 460 460,141756,21700,Good,2015,Lexus,GX 460 460
2015 Lexus GX 460 4WD 4dr,91360,25888,Good,2015,Lexus,GX 460 4WD 4dr
2015 Lexus GX 460 Base,97908,24977,Good,2015,Lexus,GX 460 Base
2015 Lexus GX 460 Base,135390,25900,Fair,2015,Lexus,GX 460 Base
2015 Lexus GX 460 Base,141000,24699,None,2015,Lexus,GX 460 Base
2015 Lexus GX 460 Luxury,111336,27599,Fair,2015,Lexus,GX 460 Luxury
2016 Lexus GX 460 460,106649,22412,Good,2016,Lexus,GX 460 460
2016 Lexus GX 460 Base,98668,26468,Good,2016,Lexus,GX 460 Base
2016 Lexus GX 460 Base,99912,26998,Great,2016,Lexus,GX 460 Base
2016 Lexus GX 460 GX 460 Sport Utility 4D,172498,19995,Great,2016,Lexus,GX 460 GX 460 Sport Utility 4D
2016 Lexus GX 460 Base,96422,27991,Good,2016,Lexus,GX 460 Base
2016 Lexus GX 460 Base,81559,29998,Good,2016,Lexus,GX 460 Base
2016 Lexus GX 460 Base,58957,29999,Good,2016,Lexus,GX 460 Base
2016 Lexus GX 460 Base AWD 4dr SUV,79000,26750,None,2016,Lexus,GX 460 Base AWD 4dr SUV
2016 Lexus GX 460 Base,171947,23397,Fair,2016,Lexus,GX 460 Base
2016 Lexus GX 460 460,112061,25640,Good,2016,Lexus,GX 460 460
2016 Lexus GX 460 Base,73094,22500,Great,2016,Lexus,GX 460 Base
2016 Lexus GX 460 GX 460 Sport Utility 4D,94012,26750,Great,2016,Lexus,GX 460 GX 460 Sport Utility 4D
2016 Lexus GX 460 Base,78378,28202,Good,2016,Lexus,GX 460 Base
2016 Lexus GX 460,94869,27497,Good,2016,Lexus,GX 460
2016 Lexus GX 460 Base,56263,26840,Great,2016,Lexus,GX 460 Base
2016 Lexus GX 460 Base,98594,23900,Great,2016,Lexus,GX 460 Base
2016 Lexus GX 460 Luxury,82595,27784,Good,2016,Lexus,GX 460 Luxury
2016 Lexus GX 460,79037,30000,Good,2016,Lexus,GX 460
2016 Lexus GX 460 Base,135875,24790,Good,2016,Lexus,GX 460 Base
2016 Lexus GX 460 460,45840,32987,Good,2016,Lexus,GX 460 460
2016 Lexus GX 460 460,90479,26500,None,2016,Lexus,GX 460 460
2016 Lexus GX 460 Base,87448,28999,Good,2016,Lexus,GX 460 Base
2016 Lexus GX 460 Base,117658,27459,Fair,2016,Lexus,GX 460 Base
2016 Lexus GX 460 460,128979,22500,Good,2016,Lexus,GX 460 460
2016 Lexus GX 460 Luxury,86809,27000,Good,2016,Lexus,GX 460 Luxury
2016 Lexus GX 460 Base,78783,27999,Good,2016,Lexus,GX 460 Base
2016 Lexus GX 460,168551,22995,Good,2016,Lexus,GX 460
2016 Lexus GX 460 Luxury,57259,29991,Good,2016,Lexus,GX 460 Luxury
2016 Lexus GX 460 Base,72446,29000,Good,2016,Lexus,GX 460 Base
2016 Lexus GX 460 Base,97079,26888,Good,2016,Lexus,GX 460 Base
2016 Lexus GX 460 Base,56463,31559,Good,2016,Lexus,GX 460 Base
2016 Lexus GX 460 Luxury,119856,26995,Good,2016,Lexus,GX 460 Luxury
2016 Lexus GX 460 Base,74944,25499,Good,2016,Lexus,GX 460 Base
2016 Lexus GX 460 Luxury,86162,29470,Good,2016,Lexus,GX 460 Luxury
2016 Lexus GX 460 Base,65800,28400,Good,2016,Lexus,GX 460 Base
2016 Lexus GX 460 4WD 4dr,111817,21490,Good,2016,Lexus,GX 460 4WD 4dr
2016 Lexus GX 460 Luxury,129435,21544,Good,2016,Lexus,GX 460 Luxury
2016 Lexus GX 460 Luxury,79650,24991,Fair,2016,Lexus,GX 460 Luxury
2016 Lexus GX 460 Base,89804,22979,Good,2016,Lexus,GX 460 Base
2016 Lexus GX 460 Luxury,83921,28998,Good,2016,Lexus,GX 460 Luxury
2016 Lexus GX 460,100019,26447,Good,2016,Lexus,GX 460
2016 Lexus GX 460 Base (A6),140551,22885,Good,2016,Lexus,GX 460 Base (A6)
2016 Lexus GX 460 Luxury,48299,35946,Good,2016,Lexus,GX 460 Luxury
2016 Lexus GX 460 GX 460 Sport Utility 4D,70193,29995,Good,2016,Lexus,GX 460 GX 460 Sport Utility 4D
2016 Lexus GX 460 Base,106459,23995,Good,2016,Lexus,GX 460 Base
2016 Lexus GX 460 Base,154802,20111,Good,2016,Lexus,GX 460 Base
2016 Lexus GX 460 Luxury,67564,31841,Good,2016,Lexus,GX 460 Luxury
2016 Lexus GX 460 Base,152761,19997,Good,2016,Lexus,GX 460 Base
2016 Lexus GX 460 Base,154636,20500,Good,2016,Lexus,GX 460 Base
2016 Lexus GX 460 GX 460 Sport Utility 4D,79360,25995,Good,2016,Lexus,GX 460 GX 460 Sport Utility 4D
2016 Lexus GX 460 Base,101055,24426,Good,2016,Lexus,GX 460 Base
2016 Lexus GX 460 Base,105560,26290,Good,2016,Lexus,GX 460 Base
2016 Lexus GX 460 Base,94076,28550,Good,2016,Lexus,GX 460 Base
2016 Lexus GX 460 Base,146035,24995,Good,2016,Lexus,GX 460 Base
2016 Lexus GX 460 460,100772,26500,Good,2016,Lexus,GX 460 460
2016 Lexus GX 460 Base,151503,23595,Good,2016,Lexus,GX 460 Base
2016 Lexus GX 460 Luxury,84411,30495,Great,2016,Lexus,GX 460 Luxury
2016 Lexus GX 460 Base,90523,27870,Good,2016,Lexus,GX 460 Base
2016 Lexus GX 460 Base,115502,24888,Good,2016,Lexus,GX 460 Base
2016 Lexus GX 460 460,87965,25555,Good,2016,Lexus,GX 460 460
2016 Lexus GX 460 Luxury,113623,27995,Good,2016,Lexus,GX 460 Luxury
2016 Lexus GX 460 460,97156,25992,Good,2016,Lexus,GX 460 460
2016 Lexus GX 460 Base,80222,28456,Good,2016,Lexus,GX 460 Base
2016 Lexus GX 460 Base,51469,29748,Good,2016,Lexus,GX 460 Base
2016 Lexus GX 460 460,128288,24285,Good,2016,Lexus,GX 460 460
2016 Lexus GX 460 460,74827,27818,Great,2016,Lexus,GX 460 460
2016 Lexus GX 460 Base,135720,21995,Good,2016,Lexus,GX 460 Base
2016 Lexus GX 460 Luxury,118424,25555,Great,2016,Lexus,GX 460 Luxury
2016 Lexus GX 460 Base,42000,33777,Good,2016,Lexus,GX 460 Base
2016 Lexus GX 460 Base,54048,21999,None,2016,Lexus,GX 460 Base
2016 Lexus GX 460 Luxury,116873,22995,Good,2016,Lexus,GX 460 Luxury
2017 Lexus GX 460 460,114452,23285,Good,2017,Lexus,GX 460 460
2017 Lexus GX 460 Base,78749,29978,Good,2017,Lexus,GX 460 Base
2017 Lexus GX 460 Base,112662,25527,Great,2017,Lexus,GX 460 Base
2017 Lexus GX 460 GX 460,52157,29500,Great,2017,Lexus,GX 460 GX 460
2017 Lexus GX 460 460,89679,26322,Good,2017,Lexus,GX 460 460
2017 Lexus GX 460 Base,87515,31900,Good,2017,Lexus,GX 460 Base
2017 Lexus GX 460 Base,76062,32901,Good,2017,Lexus,GX 460 Base
2017 Lexus GX 460 Base,64435,31884,Good,2017,Lexus,GX 460 Base
2017 Lexus GX 460 Base,143991,25399,Good,2017,Lexus,GX 460 Base
2017 Lexus GX 460 Base,52054,32000,Good,2017,Lexus,GX 460 Base
2017 Lexus GX 460 Luxury,38865,32500,Good,2017,Lexus,GX 460 Luxury
2017 Lexus GX 460 Base,85032,29401,Good,2017,Lexus,GX 460 Base
2017 Lexus GX 460 Base,72986,30750,Good,2017,Lexus,GX 460 Base
2017 Lexus GX 460 Base,65631,32590,Good,2017,Lexus,GX 460 Base
2017 Lexus GX 460 Base,82344,25499,Good,2017,Lexus,GX 460 Base
2017 Lexus GX 460 Base,97067,27393,Great,2017,Lexus,GX 460 Base
2017 Lexus GX 460 Luxury,86568,29000,Good,2017,Lexus,GX 460 Luxury
2017 Lexus GX 460 Luxury,118127,39995,None,2017,Lexus,GX 460 Luxury
2017 Lexus GX 460 Luxury,89957,30987,Good,2017,Lexus,GX 460 Luxury
2017 Lexus GX 460 GX 460 Sport Utility 4D,96256,30900,Fair,2017,Lexus,GX 460 GX 460 Sport Utility 4D
2017 Lexus GX 460 GX 460 4WD,85278,28995,Good,2017,Lexus,GX 460 GX 460 4WD
2017 Lexus GX 460 460,95442,26995,Good,2017,Lexus,GX 460 460
2017 Lexus GX 460 Base,100971,28800,Good,2017,Lexus,GX 460 Base
2017 Lexus GX 460 GX 460,133990,23668,Good,2017,Lexus,GX 460 GX 460
2017 Lexus GX 460 460 Luxury,107300,26317,Good,2017,Lexus,GX 460 460 Luxury
2017 Lexus GX 460 GX 460 Sport Utility 4D,97898,26990,Good,2017,Lexus,GX 460 GX 460 Sport Utility 4D
2017 Lexus GX 460 Base,81549,29578,Good,2017,Lexus,GX 460 Base
2017 Lexus GX 460 Base,84108,29995,Good,2017,Lexus,GX 460 Base
2017 Lexus GX 460 460,95801,24372,Great,2017,Lexus,GX 460 460
2017 Lexus GX 460 Base,80873,30277,Great,2017,Lexus,GX 460 Base
2017 Lexus GX 460 460,84248,29500,Good,2017,Lexus,GX 460 460
2017 Lexus GX 460 Luxury,109816,31777,Fair,2017,Lexus,GX 460 Luxury
2017 Lexus GX 460 Base,81745,29999,Good,2017,Lexus,GX 460 Base
2017 Lexus GX 460 Base,54437,30500,Great,2017,Lexus,GX 460 Base
2017 Lexus GX 460 Base,73702,29690,Good,2017,Lexus,GX 460 Base
2017 Lexus GX 460 Base,88676,28599,Good,2017,Lexus,GX 460 Base
2017 Lexus GX 460 Base,79648,28549,Good,2017,Lexus,GX 460 Base
2017 Lexus GX 460 Base,50752,31998,None,2017,Lexus,GX 460 Base
2017 Lexus GX 460 Base,120432,24488,Good,2017,Lexus,GX 460 Base
2017 Lexus GX 460 Base,85539,28999,Good,2017,Lexus,GX 460 Base
2017 Lexus GX 460 460,70041,30993,Good,2017,Lexus,GX 460 460
2017 Lexus GX 460 460,103223,24598,Good,2017,Lexus,GX 460 460
2017 Lexus GX 460 Base,101147,26995,Good,2017,Lexus,GX 460 Base
2017 Lexus GX 460 Base,79463,30897,Good,2017,Lexus,GX 460 Base
2017 Lexus GX 460 460,118235,24995,Good,2017,Lexus,GX 460 460
2017 Lexus GX 460 Base,88036,30995,Good,2017,Lexus,GX 460 Base
2017 Lexus GX 460 GX 460,69920,29495,Good,2017,Lexus,GX 460 GX 460
2017 Lexus GX 460 GX 460,66937,32950,Good,2017,Lexus,GX 460 GX 460
2017 Lexus GX 460 460,65731,29998,Good,2017,Lexus,GX 460 460
2017 Lexus GX 460 Luxury,101433,26900,Good,2017,Lexus,GX 460 Luxury
2017 Lexus GX 460 Base,67635,27998,Great,2017,Lexus,GX 460 Base
2017 Lexus GX 460 460,60074,30488,Good,2017,Lexus,GX 460 460
2017 Lexus GX 460 Base,133190,25900,Good,2017,Lexus,GX 460 Base
2017 Lexus GX 460 Base,78377,32988,Fair,2017,Lexus,GX 460 Base
2017 Lexus GX 460 Base,81088,28982,Good,2017,Lexus,GX 460 Base
2017 Lexus GX 460 Base,158032,19898,Good,2017,Lexus,GX 460 Base
2017 Lexus GX 460 Base,85537,28998,Good,2017,Lexus,GX 460 Base
2017 Lexus GX 460 Base,105310,25858,Good,2017,Lexus,GX 460 Base
2017 Lexus GX 460 Base,91055,27500,Great,2017,Lexus,GX 460 Base
2017 Lexus GX 460 Base,126808,29896,Fair,2017,Lexus,GX 460 Base
2017 Lexus GX 460 GX 460,48927,27995,Good,2017,Lexus,GX 460 GX 460
2017 Lexus GX 460 Base,62983,34990,Good,2017,Lexus,GX 460 Base
2017 Lexus GX 460 Luxury,97260,30955,Good,2017,Lexus,GX 460 Luxury
2017 Lexus GX 460 Base,98056,28898,Good,2017,Lexus,GX 460 Base
2017 Lexus GX 460 Luxury,91031,30000,Good,2017,Lexus,GX 460 Luxury
2017 Lexus GX 460 Luxury,115582,27995,Good,2017,Lexus,GX 460 Luxury
2017 Lexus GX 460 GX 460,98226,29980,Good,2017,Lexus,GX 460 GX 460
2017 Lexus GX 460 Base,76080,31998,Good,2017,Lexus,GX 460 Base
2017 Lexus GX 460 Base,54422,31499,Good,2017,Lexus,GX 460 Base
2017 Lexus GX 460 Luxury,46551,34000,Good,2017,Lexus,GX 460 Luxury
2017 Lexus GX 460 Base AWD 4dr SUV,96347,28995,Good,2017,Lexus,GX 460 Base AWD 4dr SUV
2017 Lexus GX 460 460,70653,23997,Good,2017,Lexus,GX 460 460
2017 Lexus GX 460 Base,73959,34998,Fair,2017,Lexus,GX 460 Base
2017 Lexus GX 460 GX 460 Luxury,89264,30895,Great,2017,Lexus,GX 460 GX 460 Luxury
2017 Lexus GX 460 460,90433,29900,Fair,2017,Lexus,GX 460 460
2017 Lexus GX 460 Base,100506,26999,Good,2017,Lexus,GX 460 Base
2017 Lexus GX 460 Luxury,105690,25996,Good,2017,Lexus,GX 460 Luxury
2017 Lexus GX 460 Base,59581,31500,Good,2017,Lexus,GX 460 Base
2017 Lexus GX 460 460,85867,27795,Good,2017,Lexus,GX 460 460
2017 Lexus GX 460 Base,94745,26999,Good,2017,Lexus,GX 460 Base
2017 Lexus GX 460 Base,60400,24499,Great,2017,Lexus,GX 460 Base
2018 Lexus GX 460 GX 460,50286,31998,Good,2018,Lexus,GX 460 GX 460
2018 Lexus GX 460 Luxury,63773,39998,Good,2018,Lexus,GX 460 Luxury
2018 Lexus GX 460 460,88136,27877,Good,2018,Lexus,GX 460 460
2018 Lexus GX 460 Base,58593,34491,Good,2018,Lexus,GX 460 Base
2018 Lexus GX 460 Luxury,62605,37500,Good,2018,Lexus,GX 460 Luxury
2018 Lexus GX 460 Base,74959,32864,Good,2018,Lexus,GX 460 Base
2018 Lexus GX 460 Base,37118,37995,Good,2018,Lexus,GX 460 Base
2018 Lexus GX 460 Luxury,113702,27495,Good,2018,Lexus,GX 460 Luxury
2018 Lexus GX 460 GX 460 Premium,77723,30500,Great,2018,Lexus,GX 460 GX 460 Premium
2018 Lexus GX 460 GX 460,93274,30998,Good,2018,Lexus,GX 460 GX 460
2018 Lexus GX 460 Luxury,82050,34995,Good,2018,Lexus,GX 460 Luxury
2018 Lexus GX 460 Luxury,95667,30684,Good,2018,Lexus,GX 460 Luxury
2018 Lexus GX 460 Luxury,46997,39881,Good,2018,Lexus,GX 460 Luxury
2018 Lexus GX 460 Base,50324,36999,Good,2018,Lexus,GX 460 Base
2018 Lexus GX 460 Base,83901,29969,Fair,2018,Lexus,GX 460 Base
2018 Lexus GX 460 Base,119030,24997,Great,2018,Lexus,GX 460 Base
2018 Lexus GX 460 Base,108760,27855,Good,2018,Lexus,GX 460 Base
2018 Lexus GX 460 460,52830,36995,Good,2018,Lexus,GX 460 460
2018 Lexus GX 460 460,19302,43995,Good,2018,Lexus,GX 460 460
2018 Lexus GX 460 Luxury,68440,37000,Good,2018,Lexus,GX 460 Luxury
2018 Lexus GX 460 Luxury,78891,33488,Good,2018,Lexus,GX 460 Luxury
2018 Lexus GX 460 460,53571,32399,Good,2018,Lexus,GX 460 460
2018 Lexus GX 460 Base,56718,37020,Good,2018,Lexus,GX 460 Base
2018 Lexus GX 460 Luxury,85770,34999,Good,2018,Lexus,GX 460 Luxury
2018 Lexus GX 460 Luxury,43180,36990,Great,2018,Lexus,GX 460 Luxury
2018 Lexus GX 460 Base,94549,30987,Good,2018,Lexus,GX 460 Base
2018 Lexus GX 460 Base,73559,31899,Good,2018,Lexus,GX 460 Base
2018 Lexus GX 460 460,80311,29500,Good,2018,Lexus,GX 460 460
2018 Lexus GX 460 Base,56450,32000,Good,2018,Lexus,GX 460 Base
2018 Lexus GX 460 Base,89939,28955,Good,2018,Lexus,GX 460 Base
2018 Lexus GX 460 Base,58822,33900,Good,2018,Lexus,GX 460 Base
2018 Lexus GX 460 Base,28281,37463,Good,2018,Lexus,GX 460 Base
2018 Lexus GX 460 Base,65661,34986,Good,2018,Lexus,GX 460 Base
2018 Lexus GX 460 Base,42690,33995,Good,2018,Lexus,GX 460 Base
2018 Lexus GX 460 Base,116096,29688,Good,2018,Lexus,GX 460 Base
2018 Lexus GX 460 Base,62409,33464,Good,2018,Lexus,GX 460 Base
2018 Lexus GX 460 Base,107039,26997,Good,2018,Lexus,GX 460 Base
2018 Lexus GX 460 Base,72654,27995,Good,2018,Lexus,GX 460 Base
2018 Lexus GX 460 Luxury,72555,34500,Good,2018,Lexus,GX 460 Luxury
2018 Lexus GX 460 Luxury,78119,34499,Good,2018,Lexus,GX 460 Luxury
2018 Lexus GX 460 460,74553,33999,Good,2018,Lexus,GX 460 460
2018 Lexus GX 460 Base,61171,32990,Good,2018,Lexus,GX 460 Base
2018 Lexus GX 460 Base,77976,30995,Good,2018,Lexus,GX 460 Base
2018 Lexus GX 460 460,62507,33994,None,2018,Lexus,GX 460 460
2018 Lexus GX 460 Base,63641,32000,Good,2018,Lexus,GX 460 Base
2018 Lexus GX 460 Base,58241,34998,Good,2018,Lexus,GX 460 Base
2018 Lexus GX 460 Luxury,85873,36000,Good,2018,Lexus,GX 460 Luxury
2018 Lexus GX 460 Luxury,91583,34998,Fair,2018,Lexus,GX 460 Luxury
2018 Lexus GX 460 Base,94996,32997,Fair,2018,Lexus,GX 460 Base
2018 Lexus GX 460 Luxury,81000,29999,Good,2018,Lexus,GX 460 Luxury
2018 Lexus GX 460 460,79616,30990,Good,2018,Lexus,GX 460 460
2018 Lexus GX 460 Base,65960,33998,Good,2018,Lexus,GX 460 Base
2018 Lexus GX 460 Base,61455,31920,Good,2018,Lexus,GX 460 Base
2018 Lexus GX 460 Premium,88110,32940,Good,2018,Lexus,GX 460 Premium
2018 Lexus GX 460 Base,44618,30909,Great,2018,Lexus,GX 460 Base
2018 Lexus GX 460 Base,55898,29900,Great,2018,Lexus,GX 460 Base
2018 Lexus GX 460 Luxury,42148,38900,Good,2018,Lexus,GX 460 Luxury
2018 Lexus GX 460 GX 460 Premium 4WD,111071,28999,Fair,2018,Lexus,GX 460 GX 460 Premium 4WD
2018 Lexus GX 460 460 Premium,60199,30460,Good,2018,Lexus,GX 460 460 Premium
2018 Lexus GX 460 Base,86603,26690,Great,2018,Lexus,GX 460 Base
2018 Lexus GX 460 Base,56412,32995,Good,2018,Lexus,GX 460 Base
2018 Lexus GX 460 460,53166,35471,Good,2018,Lexus,GX 460 460
2018 Lexus GX 460 Base,47660,33488,Good,2018,Lexus,GX 460 Base
2018 Lexus GX 460 460,63670,32994,Good,2018,Lexus,GX 460 460
2018 Lexus GX 460 Base,79138,33793,Good,2018,Lexus,GX 460 Base
2018 Lexus GX 460 Base,57957,31549,Good,2018,Lexus,GX 460 Base
2018 Lexus GX 460 Base,94670,29997,Good,2018,Lexus,GX 460 Base
2018 Lexus GX 460 460,88104,31800,Good,2018,Lexus,GX 460 460
2018 Lexus GX 460 Premium,58626,30700,Great,2018,Lexus,GX 460 Premium
2018 Lexus GX 460 Luxury,60284,37975,Good,2018,Lexus,GX 460 Luxury
2018 Lexus GX 460 Base,62537,34998,Good,2018,Lexus,GX 460 Base
2018 Lexus GX 460 Base,51763,34937,Good,2018,Lexus,GX 460 Base
2018 Lexus GX 460 Base,96531,26516,Good,2018,Lexus,GX 460 Base
2018 Lexus GX 460 Base,59154,35680,Good,2018,Lexus,GX 460 Base
2018 Lexus GX 460 Base,41630,34828,Good,2018,Lexus,GX 460 Base
2018 Lexus GX 460 Base,100961,29038,Good,2018,Lexus,GX 460 Base
2018 Lexus GX 460 Premium,47700,30795,Great,2018,Lexus,GX 460 Premium
2018 Lexus GX 460 Base,51359,32995,Good,2018,Lexus,GX 460 Base
2018 Lexus GX 460 Luxury,83531,38775,Good,2018,Lexus,GX 460 Luxury
2018 Lexus GX 460 GX 460 4WD,66436,33998,Good,2018,Lexus,GX 460 GX 460 4WD
2018 Lexus GX 460 Base,75714,29988,Good,2018,Lexus,GX 460 Base
2018 Lexus GX 460 Base,114195,26997,Good,2018,Lexus,GX 460 Base
2018 Lexus GX 460 Base,125652,25995,Good,2018,Lexus,GX 460 Base
2018 Lexus GX 460 Base,90811,29988,Good,2018,Lexus,GX 460 Base
2018 Lexus GX 460 Base,37117,35000,Great,2018,Lexus,GX 460 Base
2018 Lexus GX 460 Base,54800,29497,Great,2018,Lexus,GX 460 Base
2018 Lexus GX 460 Premium,38500,32995,Great,2018,Lexus,GX 460 Premium
2018 Lexus GX 460 Base,96753,28251,Good,2018,Lexus,GX 460 Base
2018 Lexus GX 460 GX 460 PREMIUM 4WD,72435,29977,Good,2018,Lexus,GX 460 GX 460 PREMIUM 4WD
2018 Lexus GX 460 Base,43638,35784,Good,2018,Lexus,GX 460 Base
2018 Lexus GX 460 Base,53192,33998,Good,2018,Lexus,GX 460 Base
2018 Lexus GX 460 Premium 4WD,68328,33995,Good,2018,Lexus,GX 460 Premium 4WD
2018 Lexus GX 460 460,56187,34989,Good,2018,Lexus,GX 460 460
2018 Lexus GX 460 Base,41042,32446,Great,2018,Lexus,GX 460 Base
2018 Lexus GX 460,61726,35000,Good,2018,Lexus,GX 460
2018 Lexus GX 460 Base,37647,36998,Great,2018,Lexus,GX 460 Base
2018 Lexus GX 460 460,53640,33490,Good,2018,Lexus,GX 460 460
2018 Lexus GX 460 Base,56417,33738,Good,2018,Lexus,GX 460 Base
2018 Lexus GX 460 GX 460 4WD,61228,24000,Great,2018,Lexus,GX 460 GX 460 4WD
2019 Lexus GX 460 Luxury,76037,37224,Good,2019,Lexus,GX 460 Luxury
2019 Lexus GX 460 Base,54734,34916,Good,2019,Lexus,GX 460 Base
2019 Lexus GX 460 Premium,90163,30080,Great,2019,Lexus,GX 460 Premium
2019 Lexus GX 460 Luxury,48789,43999,Good,2019,Lexus,GX 460 Luxury
2019 Lexus GX 460 Luxury,50260,42888,Good,2019,Lexus,GX 460 Luxury
2019 Lexus GX 460 Base,107647,29900,Good,2019,Lexus,GX 460 Base
2019 Lexus GX 460 Base,59755,34695,Good,2019,Lexus,GX 460 Base
2019 Lexus GX 460 Base,77751,36995,Good,2019,Lexus,GX 460 Base
2019 Lexus GX 460 460,72301,35678,Good,2019,Lexus,GX 460 460
2019 Lexus GX 460 Base,52926,37599,Good,2019,Lexus,GX 460 Base
2019 Lexus GX 460 Luxury,45187,40678,Fair,2019,Lexus,GX 460 Luxury
2019 Lexus GX 460 Base,13422,42998,Good,2019,Lexus,GX 460 Base
2019 Lexus GX 460 Luxury,64365,39000,Fair,2019,Lexus,GX 460 Luxury
2019 Lexus GX 460 Base,58542,35813,Good,2019,Lexus,GX 460 Base
2019 Lexus GX 460 460,95367,32574,Fair,2019,Lexus,GX 460 460
2019 Lexus GX 460 Base,51546,33900,Good,2019,Lexus,GX 460 Base
2019 Lexus GX 460 Base,62156,36550,Good,2019,Lexus,GX 460 Base
2019 Lexus GX 460 Base,29050,37998,Fair,2019,Lexus,GX 460 Base
2019 Lexus GX 460 Base,46472,35745,Good,2019,Lexus,GX 460 Base
2019 Lexus GX 460 Luxury,48800,39950,Good,2019,Lexus,GX 460 Luxury
2019 Lexus GX 460 Base,35827,39989,Good,2019,Lexus,GX 460 Base
2019 Lexus GX 460 Premium,69711,35900,Good,2019,Lexus,GX 460 Premium
2019 Lexus GX 460 Base,26840,40990,Good,2019,Lexus,GX 460 Base
2019 Lexus GX 460 460,68989,33999,None,2019,Lexus,GX 460 460
2019 Lexus GX 460 Luxury,61113,39991,Good,2019,Lexus,GX 460 Luxury
2019 Lexus GX 460 Base,67783,34595,Great,2019,Lexus,GX 460 Base
2019 Lexus GX 460 Premium,30000,43995,Good,2019,Lexus,GX 460 Premium
2019 Lexus GX 460 Base,58862,33995,Good,2019,Lexus,GX 460 Base
2019 Lexus GX 460 Base,42938,33499,Good,2019,Lexus,GX 460 Base
2019 Lexus GX 460 Base,80779,34995,Good,2019,Lexus,GX 460 Base
2019 Lexus GX 460 Luxury,41084,40977,Good,2019,Lexus,GX 460 Luxury
2019 Lexus GX 460 Luxury,62386,36958,Great,2019,Lexus,GX 460 Luxury
2019 Lexus GX 460 Luxury,112396,28968,Good,2019,Lexus,GX 460 Luxury
2019 Lexus GX 460 Base,86913,33900,Fair,2019,Lexus,GX 460 Base
2019 Lexus GX 460 Base,82186,34291,Good,2019,Lexus,GX 460 Base
2019 Lexus GX 460 Base,65433,32997,Good,2019,Lexus,GX 460 Base
2019 Lexus GX 460 Base,59132,45000,Fair,2019,Lexus,GX 460 Base
2019 Lexus GX 460 Base,105626,28786,Good,2019,Lexus,GX 460 Base
2019 Lexus GX 460 Premium,80562,27999,Good,2019,Lexus,GX 460 Premium
2019 Lexus GX 460 Base,54019,35284,Good,2019,Lexus,GX 460 Base
2019 Lexus GX 460 Base,92797,29874,Good,2019,Lexus,GX 460 Base
2019 Lexus GX 460 Base,59887,34088,Good,2019,Lexus,GX 460 Base
2019 Lexus GX 460 Luxury,55076,38695,Good,2019,Lexus,GX 460 Luxury
2019 Lexus GX 460 Base,34782,37153,Good,2019,Lexus,GX 460 Base
2019 Lexus GX 460 Base,45058,34800,Good,2019,Lexus,GX 460 Base
2019 Lexus GX 460 Luxury,91698,31547,Good,2019,Lexus,GX 460 Luxury
2019 Lexus GX 460 GX 460 4WD w/Roof,131835,30000,Fair,2019,Lexus,GX 460 GX 460 4WD w/Roof
2019 Lexus GX 460 Base,57814,36402,Good,2019,Lexus,GX 460 Base
2019 Lexus GX 460 GX 460 Premium 4WD,34527,44980,Fair,2019,Lexus,GX 460 GX 460 Premium 4WD
2019 Lexus GX 460 Premium,61898,33892,Good,2019,Lexus,GX 460 Premium
2019 Lexus GX 460 Base,62105,35995,Good,2019,Lexus,GX 460 Base
2019 Lexus GX 460 Base,59643,36998,Good,2019,Lexus,GX 460 Base
2019 Lexus GX 460 Base,40582,40993,Fair,2019,Lexus,GX 460 Base
2019 Lexus GX 460 Luxury,69000,38000,Good,2019,Lexus,GX 460 Luxury
2019 Lexus GX 460 Base,50734,35390,Good,2019,Lexus,GX 460 Base
2019 Lexus GX 460 Base,47011,38510,Good,2019,Lexus,GX 460 Base
2019 Lexus GX 460 Base,37974,37900,Good,2019,Lexus,GX 460 Base
2019 Lexus GX 460 Premium,75155,31188,Good,2019,Lexus,GX 460 Premium
2019 Lexus GX 460 Premium,112738,28980,Good,2019,Lexus,GX 460 Premium
2019 Lexus GX 460 Luxury,52090,38745,Good,2019,Lexus,GX 460 Luxury
2019 Lexus GX 460 Base,44222,35998,Good,2019,Lexus,GX 460 Base
2019 Lexus GX 460 Base,73206,31991,Good,2019,Lexus,GX 460 Base
2019 Lexus GX 460 Base,64052,36897,Fair,2019,Lexus,GX 460 Base
2019 Lexus GX 460 Luxury,40193,44998,Fair,2019,Lexus,GX 460 Luxury
2019 Lexus GX 460 Luxury,55277,41771,Good,2019,Lexus,GX 460 Luxury
2019 Lexus GX 460 Base,53956,36998,None,2019,Lexus,GX 460 Base
2019 Lexus GX 460 Base,33093,37998,None,2019,Lexus,GX 460 Base
2019 Lexus GX 460 Base,51619,37985,Good,2019,Lexus,GX 460 Base
2019 Lexus GX 460 Base,49424,36988,Good,2019,Lexus,GX 460 Base
2019 Lexus GX 460 Base,89330,35988,Good,2019,Lexus,GX 460 Base
2019 Lexus GX 460 Base,27427,40988,Good,2019,Lexus,GX 460 Base
2019 Lexus GX 460 Base,81135,32999,Good,2019,Lexus,GX 460 Base
2019 Lexus GX 460 Premium,89365,33944,Good,2019,Lexus,GX 460 Premium
2019 Lexus GX 460 Luxury,84899,37899,Good,2019,Lexus,GX 460 Luxury
2019 Lexus GX 460 Base,62155,34880,Good,2019,Lexus,GX 460 Base
2019 Lexus GX 460 Premium,60130,35368,Good,2019,Lexus,GX 460 Premium
2019 Lexus GX 460 GX 460 4WD,23031,39595,Fair,2019,Lexus,GX 460 GX 460 4WD
2019 Lexus GX 460 Luxury,51618,39995,Good,2019,Lexus,GX 460 Luxury
2019 Lexus GX 460 Base,37982,35000,Good,2019,Lexus,GX 460 Base
2019 Lexus GX 460 Luxury,31191,50988,Fair,2019,Lexus,GX 460 Luxury
2019 Lexus GX 460 Luxury,78783,36999,Good,2019,Lexus,GX 460 Luxury
2019 Lexus GX 460 Base,62253,32990,Good,2019,Lexus,GX 460 Base
2019 Lexus GX 460 Premium,62827,36900,Good,2019,Lexus,GX 460 Premium
2019 Lexus GX 460 Premium,54638,32500,Good,2019,Lexus,GX 460 Premium
2019 Lexus GX 460 Base,28932,37278,Good,2019,Lexus,GX 460 Base
2019 Lexus GX 460 Base,82279,36289,Good,2019,Lexus,GX 460 Base
2019 Lexus GX 460 Base,66401,32990,Good,2019,Lexus,GX 460 Base
2019 Lexus GX 460 Base,53661,33297,Good,2019,Lexus,GX 460 Base
2019 Lexus GX 460 Base,57595,38250,Fair,2019,Lexus,GX 460 Base
2019 Lexus GX 460 Base,36671,37891,Great,2019,Lexus,GX 460 Base
2019 Lexus GX 460 Premium,42532,37990,Good,2019,Lexus,GX 460 Premium
2019 Lexus GX 460 Luxury,69339,35998,Good,2019,Lexus,GX 460 Luxury
2019 Lexus GX 460 Base,64252,34479,Good,2019,Lexus,GX 460 Base
2019 Lexus GX 460 Base,64369,35488,Good,2019,Lexus,GX 460 Base
2019 Lexus GX 460 Base,24088,41995,Good,2019,Lexus,GX 460 Base
2019 Lexus GX 460 Base,64476,34482,Good,2019,Lexus,GX 460 Base
2019 Lexus GX 460 460,54396,34999,Great,2019,Lexus,GX 460 460
2019 Lexus GX 460 Luxury,15339,39900,Good,2019,Lexus,GX 460 Luxury
2019 Lexus GX 460 Premium,74588,41330,Fair,2019,Lexus,GX 460 Premium
2019 Lexus GX 460 Base,97108,31499,Good,2019,Lexus,GX 460 Base
2019 Lexus GX 460 Premium,50370,35500,Good,2019,Lexus,GX 460 Premium
2019 Lexus GX 460 Premium,85379,29880,Good,2019,Lexus,GX 460 Premium
2019 Lexus GX 460 Base,67756,30915,Good,2019,Lexus,GX 460 Base
2019 Lexus GX 460 Base,73411,33999,Good,2019,Lexus,GX 460 Base
2019 Lexus GX 460 Luxury,82300,34888,Fair,2019,Lexus,GX 460 Luxury
2019 Lexus GX 460 Base,48673,33795,Good,2019,Lexus,GX 460 Base
2019 Lexus GX 460 GX 460,94776,34500,Fair,2019,Lexus,GX 460 GX 460
2019 Lexus GX 460 Premium,18606,42998,Good,2019,Lexus,GX 460 Premium
2019 Lexus GX 460 Base,52866,34795,Good,2019,Lexus,GX 460 Base
2019 Lexus GX 460 Luxury,55468,39640,Good,2019,Lexus,GX 460 Luxury
2019 Lexus GX 460 Base,30945,40998,Good,2019,Lexus,GX 460 Base
2019 Lexus GX 460 Base,36976,38944,Good,2019,Lexus,GX 460 Base
2019 Lexus GX 460 Luxury,72833,37826,Good,2019,Lexus,GX 460 Luxury
2019 Lexus GX 460 Base,34778,39000,Good,2019,Lexus,GX 460 Base
2019 Lexus GX 460 Base,46277,41499,Good,2019,Lexus,GX 460 Base
2019 Lexus GX 460 Base,82432,31705,Good,2019,Lexus,GX 460 Base
2019 Lexus GX 460 Base,78975,31495,Good,2019,Lexus,GX 460 Base
2019 Lexus GX 460 Base,44418,34999,Good,2019,Lexus,GX 460 Base
2019 Lexus GX 460 Base,88630,32764,Good,2019,Lexus,GX 460 Base
2019 Lexus GX 460 Base,79675,32149,Good,2019,Lexus,GX 460 Base
2019 Lexus GX 460 Premium,67896,35296,Fair,2019,Lexus,GX 460 Premium
2019 Lexus GX 460 Base,33431,37395,Good,2019,Lexus,GX 460 Base
2019 Lexus GX 460 Base,71592,35990,Good,2019,Lexus,GX 460 Base
2019 Lexus GX 460 Luxury,70042,34515,Great,2019,Lexus,GX 460 Luxury
2019 Lexus GX 460 Base,53195,37491,Good,2019,Lexus,GX 460 Base
2019 Lexus GX 460 Base,104516,27990,Good,2019,Lexus,GX 460 Base
2019 Lexus GX 460 Base,125384,32900,Fair,2019,Lexus,GX 460 Base
2019 Lexus GX 460 Base AWD 4dr SUV,38130,41995,Fair,2019,Lexus,GX 460 Base AWD 4dr SUV
2019 Lexus GX 460 Base,42442,37995,Fair,2019,Lexus,GX 460 Base
2019 Lexus GX 460 Base,30230,37998,Good,2019,Lexus,GX 460 Base
2019 Lexus GX 460 Base,51562,36497,Good,2019,Lexus,GX 460 Base
2019 Lexus GX 460 Premium,51726,38995,Good,2019,Lexus,GX 460 Premium
2019 Lexus GX 460 Base,78623,36131,Good,2019,Lexus,GX 460 Base
2019 Lexus GX 460 Base,44892,39990,Good,2019,Lexus,GX 460 Base
2019 Lexus GX 460 Premium,55305,31999,Good,2019,Lexus,GX 460 Premium
2019 Lexus GX 460 Luxury,34346,39299,Fair,2019,Lexus,GX 460 Luxury
2019 Lexus GX 460 Base,59675,37605,Good,2019,Lexus,GX 460 Base
2019 Lexus GX 460 Base,80302,32998,Good,2019,Lexus,GX 460 Base
2019 Lexus GX 460 Base,30118,37998,Good,2019,Lexus,GX 460 Base
2019 Lexus GX 460 Base,69258,32199,Good,2019,Lexus,GX 460 Base
2019 Lexus GX 460 Base,46322,33999,Great,2019,Lexus,GX 460 Base
2019 Lexus GX 460 Base,59310,35635,Good,2019,Lexus,GX 460 Base
2019 Lexus GX 460 Base,48847,38000,Fair,2019,Lexus,GX 460 Base
2019 Lexus GX 460 Base,22916,40995,Good,2019,Lexus,GX 460 Base
2019 Lexus GX 460 Premium,55029,34995,Good,2019,Lexus,GX 460 Premium
2019 Lexus GX 460 Luxury,75238,44491,Fair,2019,Lexus,GX 460 Luxury
2019 Lexus GX 460 Base,44195,37499,Good,2019,Lexus,GX 460 Base
2019 Lexus GX 460 Base,41401,37999,Good,2019,Lexus,GX 460 Base
2019 Lexus GX 460 Base,48044,37898,Good,2019,Lexus,GX 460 Base
2019 Lexus GX 460 Base,59550,32820,Great,2019,Lexus,GX 460 Base
2019 Lexus GX 460 Base,80405,33000,Good,2019,Lexus,GX 460 Base
2019 Lexus GX 460 Base,53155,32198,Good,2019,Lexus,GX 460 Base
2019 Lexus GX 460 Base,93765,33794,Good,2019,Lexus,GX 460 Base
2019 Lexus GX 460 Base,87103,32490,Good,2019,Lexus,GX 460 Base
2019 Lexus GX 460 Luxury,50030,36495,Good,2019,Lexus,GX 460 Luxury
2019 Lexus GX 460,26267,39900,Great,2019,Lexus,GX 460
2019 Lexus GX 460 Luxury,79030,37500,None,2019,Lexus,GX 460 Luxury
2020 Lexus GX 460 Base,44039,43491,Good,2020,Lexus,GX 460 Base
2020 Lexus GX 460 Premium,114348,36928,Fair,2020,Lexus,GX 460 Premium
2020 Lexus GX 460 Premium,38261,42980,Great,2020,Lexus,GX 460 Premium
2020 Lexus GX 460 Premium,41251,39441,Good,2020,Lexus,GX 460 Premium
2020 Lexus GX 460 Premium,27493,45489,Good,2020,Lexus,GX 460 Premium
2020 Lexus GX 460 Base,34057,42810,Good,2020,Lexus,GX 460 Base
2020 Lexus GX 460 Base,39317,43594,Good,2020,Lexus,GX 460 Base
2020 Lexus GX 460 Base,107057,34900,Good,2020,Lexus,GX 460 Base
2020 Lexus GX 460 Luxury,26766,43000,Good,2020,Lexus,GX 460 Luxury
2020 Lexus GX 460 Base,42772,42686,Good,2020,Lexus,GX 460 Base
2020 Lexus GX 460 Base,66932,36980,Good,2020,Lexus,GX 460 Base
2020 Lexus GX 460 Premium,82748,35990,Good,2020,Lexus,GX 460 Premium
2020 Lexus GX 460 Premium,71935,39599,Fair,2020,Lexus,GX 460 Premium
2020 Lexus GX 460 Base,44401,43557,Fair,2020,Lexus,GX 460 Base
2020 Lexus GX 460 Base,56867,38364,Fair,2020,Lexus,GX 460 Base
2020 Lexus GX 460 Base,36976,40000,Good,2020,Lexus,GX 460 Base
2020 Lexus GX 460 Base,59001,42177,Good,2020,Lexus,GX 460 Base
2020 Lexus GX 460 Base,90689,36974,None,2020,Lexus,GX 460 Base
2020 Lexus GX 460 Base,17823,42653,Great,2020,Lexus,GX 460 Base
2020 Lexus GX 460 Luxury,59011,35993,Good,2020,Lexus,GX 460 Luxury
2020 Lexus GX 460 Premium,44330,39995,None,2020,Lexus,GX 460 Premium
2020 Lexus GX 460 Base,48102,42695,Good,2020,Lexus,GX 460 Base
2020 Lexus GX 460 Base,15089,45000,Great,2020,Lexus,GX 460 Base
2020 Lexus GX 460 Luxury,86490,40995,None,2020,Lexus,GX 460 Luxury
2020 Lexus GX 460 Base,39202,43810,None,2020,Lexus,GX 460 Base
2020 Lexus GX 460 Base,59442,39498,Fair,2020,Lexus,GX 460 Base
2020 Lexus GX 460 Base,44764,40700,Good,2020,Lexus,GX 460 Base
2020 Lexus GX 460 Base,28339,44998,Good,2020,Lexus,GX 460 Base
2020 Lexus GX 460 Premium,58467,39800,Good,2020,Lexus,GX 460 Premium
2020 Lexus GX 460 Luxury,60950,41466,Great,2020,Lexus,GX 460 Luxury
2020 Lexus GX 460 Premium,43269,39988,None,2020,Lexus,GX 460 Premium
2020 Lexus GX 460 Luxury,60004,40796,Good,2020,Lexus,GX 460 Luxury
2020 Lexus GX 460 Base,41201,40201,Good,2020,Lexus,GX 460 Base
2020 Lexus GX 460 Base,28739,44000,Good,2020,Lexus,GX 460 Base
2020 Lexus GX 460 Base,55299,38998,Good,2020,Lexus,GX 460 Base
2020 Lexus GX 460 Luxury,67697,42000,Good,2020,Lexus,GX 460 Luxury
2020 Lexus GX 460 Base,33202,40800,Good,2020,Lexus,GX 460 Base
2020 Lexus GX 460 Luxury,38554,43880,Great,2020,Lexus,GX 460 Luxury
2020 Lexus GX 460 Base,39110,40995,Good,2020,Lexus,GX 460 Base
2020 Lexus GX 460 Base,101418,36800,Good,2020,Lexus,GX 460 Base
2020 Lexus GX 460 Base,62616,42000,Good,2020,Lexus,GX 460 Base
2020 Lexus GX 460 Base,28201,45695,Good,2020,Lexus,GX 460 Base
2020 Lexus GX 460 Luxury,79918,37661,Good,2020,Lexus,GX 460 Luxury
2020 Lexus GX 460 Base,62361,42998,Fair,2020,Lexus,GX 460 Base
2020 Lexus GX 460 Base,12957,46000,Good,2020,Lexus,GX 460 Base
2020 Lexus GX 460 Base,52781,39998,Good,2020,Lexus,GX 460 Base
2020 Lexus GX 460 Base,64451,40591,Good,2020,Lexus,GX 460 Base
2020 Lexus GX 460 Base,40331,45665,None,2020,Lexus,GX 460 Base
2020 Lexus GX 460 Premium,57197,40600,Fair,2020,Lexus,GX 460 Premium
2020 Lexus GX 460 Base,63129,41977,Fair,2020,Lexus,GX 460 Base
2020 Lexus GX 460 Base,39753,41950,Good,2020,Lexus,GX 460 Base
2020 Lexus GX 460 GX 460 Premium,83958,36389,Fair,2020,Lexus,GX 460 GX 460 Premium
2020 Lexus GX 460 Premium,31607,41490,Good,2020,Lexus,GX 460 Premium
2020 Lexus GX 460 Base,59753,40995,Good,2020,Lexus,GX 460 Base
2020 Lexus GX 460 Base,27578,44987,Fair,2020,Lexus,GX 460 Base
2020 Lexus GX 460 Base,27887,45900,Good,2020,Lexus,GX 460 Base
2020 Lexus GX 460 Premium,60674,39088,Fair,2020,Lexus,GX 460 Premium
2020 Lexus GX 460 Base,38870,44888,Good,2020,Lexus,GX 460 Base
2020 Lexus GX 460 Base,28358,40001,Good,2020,Lexus,GX 460 Base
2020 Lexus GX 460 Base,41002,42998,Fair,2020,Lexus,GX 460 Base
2020 Lexus GX 460 Luxury,37521,44733,None,2020,Lexus,GX 460 Luxury
2020 Lexus GX 460 Luxury,45584,45989,Good,2020,Lexus,GX 460 Luxury
2020 Lexus GX 460 Base,53050,39987,Good,2020,Lexus,GX 460 Base
2020 Lexus GX 460 Base,61228,39998,Good,2020,Lexus,GX 460 Base
2020 Lexus GX 460 Base,64355,39385,Fair,2020,Lexus,GX 460 Base
2020 Lexus GX 460 Base,23486,39132,Good,2020,Lexus,GX 460 Base
2020 Lexus GX 460 Base,28948,39999,Good,2020,Lexus,GX 460 Base
2020 Lexus GX 460 Premium,71620,37495,Good,2020,Lexus,GX 460 Premium
2020 Lexus GX 460 Base,35866,43998,Good,2020,Lexus,GX 460 Base
2020 Lexus GX 460 460,42001,41990,Good,2020,Lexus,GX 460 460
2020 Lexus GX 460 Base,68774,37492,Good,2020,Lexus,GX 460 Base
2020 Lexus GX 460 Base,88772,37496,Good,2020,Lexus,GX 460 Base
2020 Lexus GX 460 Base,33520,40995,Good,2020,Lexus,GX 460 Base
2020 Lexus GX 460 Base,21680,45556,Good,2020,Lexus,GX 460 Base
2020 Lexus GX 460 Base,23606,38242,Great,2020,Lexus,GX 460 Base
2020 Lexus GX 460 Base,77513,39212,Good,2020,Lexus,GX 460 Base
2020 Lexus GX 460 Luxury,69775,40417,Good,2020,Lexus,GX 460 Luxury
2020 Lexus GX 460 Luxury,45022,41998,Good,2020,Lexus,GX 460 Luxury
2020 Lexus GX 460 Premium,51397,36000,Good,2020,Lexus,GX 460 Premium
2020 Lexus GX 460 Base,31979,41834,Good,2020,Lexus,GX 460 Base
2020 Lexus GX 460 Base,43031,41990,Fair,2020,Lexus,GX 460 Base
2020 Lexus GX 460 Premium,41000,37997,Good,2020,Lexus,GX 460 Premium
2020 Lexus GX 460,60906,38521,Good,2020,Lexus,GX 460
2020 Lexus GX 460 Base,24172,39999,Good,2020,Lexus,GX 460 Base
2020 Lexus GX 460 Base,36284,42998,Good,2020,Lexus,GX 460 Base
2020 Lexus GX 460 Base,47179,40516,Good,2020,Lexus,GX 460 Base
2020 Lexus GX 460 Base,27518,44989,Good,2020,Lexus,GX 460 Base
2020 Lexus GX 460 Premium,34034,41331,Good,2020,Lexus,GX 460 Premium
2020 Lexus GX 460 Premium,41813,40977,Good,2020,Lexus,GX 460 Premium
2020 Lexus GX 460 Base,59978,39395,Good,2020,Lexus,GX 460 Base
2020 Lexus GX 460 Premium,27512,39518,Good,2020,Lexus,GX 460 Premium
2020 Lexus GX 460 Luxury,60825,42269,Good,2020,Lexus,GX 460 Luxury
2020 Lexus GX 460 Luxury,33342,43750,Good,2020,Lexus,GX 460 Luxury
2020 Lexus GX 460 Premium,48598,37975,Good,2020,Lexus,GX 460 Premium
2020 Lexus GX 460 Base,42830,43999,Good,2020,Lexus,GX 460 Base
2020 Lexus GX 460 Premium,44612,44442,Good,2020,Lexus,GX 460 Premium
2020 Lexus GX 460 Base,36005,38880,Good,2020,Lexus,GX 460 Base
2020 Lexus GX 460 Premium,48181,41599,Good,2020,Lexus,GX 460 Premium
2020 Lexus GX 460 Premium,45764,37327,Good,2020,Lexus,GX 460 Premium
2020 Lexus GX 460 Base,30562,45998,Good,2020,Lexus,GX 460 Base
2020 Lexus GX 460 Luxury,46549,44950,Good,2020,Lexus,GX 460 Luxury
2020 Lexus GX 460 Base,56289,41998,None,2020,Lexus,GX 460 Base
2020 Lexus GX 460 Base,34088,40998,None,2020,Lexus,GX 460 Base
2020 Lexus GX 460 Base,22300,41773,Good,2020,Lexus,GX 460 Base
2020 Lexus GX 460 Base,30994,43947,Fair,2020,Lexus,GX 460 Base
2020 Lexus GX 460 Base,41327,40000,Good,2020,Lexus,GX 460 Base
2020 Lexus GX 460 Base,27270,44170,Good,2020,Lexus,GX 460 Base
2020 Lexus GX 460 Base,29913,44998,Good,2020,Lexus,GX 460 Base
2020 Lexus GX 460 Luxury,39514,43756,Good,2020,Lexus,GX 460 Luxury
2020 Lexus GX 460 Base,36917,37991,Good,2020,Lexus,GX 460 Base
2020 Lexus GX 460 Premium,27376,38947,Good,2020,Lexus,GX 460 Premium
2020 Lexus GX 460 Premium,45591,44998,Good,2020,Lexus,GX 460 Premium
2020 Lexus GX 460 Premium,68021,38900,Fair,2020,Lexus,GX 460 Premium
2020 Lexus GX 460 Luxury,34637,44996,Good,2020,Lexus,GX 460 Luxury
2020 Lexus GX 460 Base,33317,46963,Good,2020,Lexus,GX 460 Base
2020 Lexus GX 460 Premium,37219,69999,None,2020,Lexus,GX 460 Premium
2020 Lexus GX 460 Base,44498,40880,Good,2020,Lexus,GX 460 Base
2020 Lexus GX 460 Premium,23972,45960,Fair,2020,Lexus,GX 460 Premium
2020 Lexus GX 460 Base,32178,46995,Fair,2020,Lexus,GX 460 Base
2020 Lexus GX 460 Premium,38764,44724,Good,2020,Lexus,GX 460 Premium
2020 Lexus GX 460 Premium,32882,40749,Good,2020,Lexus,GX 460 Premium
2020 Lexus GX 460 Premium,36141,44885,Good,2020,Lexus,GX 460 Premium
2020 Lexus GX 460 Base,40651,40995,Good,2020,Lexus,GX 460 Base
2020 Lexus GX 460 Base,33620,42998,Good,2020,Lexus,GX 460 Base
2020 Lexus GX 460 Premium,60447,38632,Fair,2020,Lexus,GX 460 Premium
2020 Lexus GX 460 Luxury,57767,44909,Good,2020,Lexus,GX 460 Luxury
2020 Lexus GX 460 Base,19101,44998,Good,2020,Lexus,GX 460 Base
2020 Lexus GX 460 Premium,53695,38900,Good,2020,Lexus,GX 460 Premium
2020 Lexus GX 460 Base,31790,42998,Good,2020,Lexus,GX 460 Base
2020 Lexus GX 460 Luxury,42610,42484,Good,2020,Lexus,GX 460 Luxury
2020 Lexus GX 460 GX 460 Premium,36507,33795,None,2020,Lexus,GX 460 GX 460 Premium
2020 Lexus GX 460 Base,38993,44887,Good,2020,Lexus,GX 460 Base
2020 Lexus GX 460 Base,42019,40998,None,2020,Lexus,GX 460 Base
2021 Lexus GX 460 Base,46903,42800,Good,2021,Lexus,GX 460 Base
2021 Lexus GX 460 Premium,65192,43758,Good,2021,Lexus,GX 460 Premium
2021 Lexus GX 460 Base,37537,44998,Great,2021,Lexus,GX 460 Base
2021 Lexus GX 460 Premium,59518,43989,Good,2021,Lexus,GX 460 Premium
2021 Lexus GX 460 Luxury,61723,46570,Good,2021,Lexus,GX 460 Luxury
2021 Lexus GX 460 Premium,24429,46324,Great,2021,Lexus,GX 460 Premium
2021 Lexus GX 460 Base,39521,44794,Good,2021,Lexus,GX 460 Base
2021 Lexus GX 460 Base,37225,49990,Good,2021,Lexus,GX 460 Base
2021 Lexus GX 460 Base,32724,44998,Good,2021,Lexus,GX 460 Base
2021 Lexus GX 460 Base,45584,44995,Good,2021,Lexus,GX 460 Base
2021 Lexus GX 460 Base,43071,45344,Good,2021,Lexus,GX 460 Base
2021 Lexus GX 460 Base,19849,49988,Good,2021,Lexus,GX 460 Base
2021 Lexus GX 460 Base,9395,47550,Great,2021,Lexus,GX 460 Base
2021 Lexus GX 460 Base,44620,39990,Great,2021,Lexus,GX 460 Base
2021 Lexus GX 460 Base,24500,49698,Good,2021,Lexus,GX 460 Base
2021 Lexus GX 460 Premium,31434,40999,Good,2021,Lexus,GX 460 Premium
2021 Lexus GX 460 Luxury,24382,49999,Good,2021,Lexus,GX 460 Luxury
2021 Lexus GX 460 Premium,31950,50000,Good,2021,Lexus,GX 460 Premium
2021 Lexus GX 460 Base,36650,43995,Great,2021,Lexus,GX 460 Base
2021 Lexus GX 460 Base,41435,41680,Good,2021,Lexus,GX 460 Base
2021 Lexus GX 460 Base,54237,41198,Good,2021,Lexus,GX 460 Base
2021 Lexus GX 460 Premium,47722,44579,Good,2021,Lexus,GX 460 Premium
2021 Lexus GX 460 Base,29990,47990,Good,2021,Lexus,GX 460 Base
2021 Lexus GX 460 Base,45235,45204,Good,2021,Lexus,GX 460 Base
2021 Lexus GX 460 Base,26492,49688,Fair,2021,Lexus,GX 460 Base
2021 Lexus GX 460 Base,35957,44404,Good,2021,Lexus,GX 460 Base
2021 Lexus GX 460 Premium,59096,41799,Good,2021,Lexus,GX 460 Premium
2021 Lexus GX 460 Base,30042,43998,Great,2021,Lexus,GX 460 Base
2021 Lexus GX 460 Base,21552,48991,Good,2021,Lexus,GX 460 Base
2021 Lexus GX 460 Base,33267,42800,Good,2021,Lexus,GX 460 Base
2021 Lexus GX 460 Premium,43580,40000,Good,2021,Lexus,GX 460 Premium
2021 Lexus GX 460 Base,27190,43137,Great,2021,Lexus,GX 460 Base
2021 Lexus GX 460 Base,49021,41177,Good,2021,Lexus,GX 460 Base
2021 Lexus GX 460 Base,65231,41980,Good,2021,Lexus,GX 460 Base
2021 Lexus GX 460 Base,29892,52770,Fair,2021,Lexus,GX 460 Base
2021 Lexus GX 460 Base,24044,48990,Good,2021,Lexus,GX 460 Base
2021 Lexus GX 460 Luxury,60612,44999,Good,2021,Lexus,GX 460 Luxury
2021 Lexus GX 460 Base,42427,40998,Great,2021,Lexus,GX 460 Base
2021 Lexus GX 460 Base,46675,43595,Great,2021,Lexus,GX 460 Base
2021 Lexus GX 460 Base,47240,43224,Good,2021,Lexus,GX 460 Base
2021 Lexus GX 460 Premium,43967,41998,Great,2021,Lexus,GX 460 Premium
2021 Lexus GX 460 Luxury,16528,48963,Fair,2021,Lexus,GX 460 Luxury
2021 Lexus GX 460 Base,69250,39997,Good,2021,Lexus,GX 460 Base
2021 Lexus GX 460 Base,29838,46692,Good,2021,Lexus,GX 460 Base
2021 Lexus GX 460 Premium,51920,40991,Great,2021,Lexus,GX 460 Premium
2021 Lexus GX 460 Premium,60370,41023,Good,2021,Lexus,GX 460 Premium
2021 Lexus GX 460 Premium,29970,42990,None,2021,Lexus,GX 460 Premium
2021 Lexus GX 460 Premium,40477,42716,Good,2021,Lexus,GX 460 Premium
2021 Lexus GX 460 Base,27565,43457,Fair,2021,Lexus,GX 460 Base
2021 Lexus GX 460 Base,46689,46996,Good,2021,Lexus,GX 460 Base
2021 Lexus GX 460 Luxury,54628,47799,Fair,2021,Lexus,GX 460 Luxury
2021 Lexus GX 460 Base,29330,45125,Good,2021,Lexus,GX 460 Base
2021 Lexus GX 460 Base,49121,41492,None,2021,Lexus,GX 460 Base
2021 Lexus GX 460 Premium,25970,42777,Great,2021,Lexus,GX 460 Premium
2021 Lexus GX 460 Base,26275,48698,Good,2021,Lexus,GX 460 Base
2021 Lexus GX 460 Base,51333,42490,Good,2021,Lexus,GX 460 Base
2021 Lexus GX 460 Base,42908,52994,Fair,2021,Lexus,GX 460 Base
2021 Lexus GX 460 Base,34490,46988,Good,2021,Lexus,GX 460 Base
2021 Lexus GX 460,47644,47000,Good,2021,Lexus,GX 460
2021 Lexus GX 460 GX 460 Premium,37912,47000,Good,2021,Lexus,GX 460 GX 460 Premium
2021 Lexus GX 460 Base,16121,50998,Good,2021,Lexus,GX 460 Base
2021 Lexus GX 460 Base,35557,44944,Good,2021,Lexus,GX 460 Base
2021 Lexus GX 460 Premium,27631,49999,Good,2021,Lexus,GX 460 Premium
2021 Lexus GX 460 Base,43012,45990,Good,2021,Lexus,GX 460 Base
2021 Lexus GX 460 Base,38792,38995,Good,2021,Lexus,GX 460 Base
2021 Lexus GX 460 Luxury,42441,46895,Fair,2021,Lexus,GX 460 Luxury
2021 Lexus GX 460 Premium,24862,43987,Good,2021,Lexus,GX 460 Premium
2021 Lexus GX 460 Base,38599,43995,Good,2021,Lexus,GX 460 Base
2021 Lexus GX 460 Premium,33494,46991,Good,2021,Lexus,GX 460 Premium
2021 Lexus GX 460 Base,19889,46959,Good,2021,Lexus,GX 460 Base
2021 Lexus GX 460 Premium,53293,42991,Great,2021,Lexus,GX 460 Premium
2021 Lexus GX 460 Base,40490,45986,Good,2021,Lexus,GX 460 Base
2021 Lexus GX 460 Base,24547,49662,Good,2021,Lexus,GX 460 Base
2021 Lexus GX 460 Base,32210,43998,Good,2021,Lexus,GX 460 Base
2021 Lexus GX 460 Premium,27059,44989,Good,2021,Lexus,GX 460 Premium
2021 Lexus GX 460 Luxury,36109,51000,Good,2021,Lexus,GX 460 Luxury
2021 Lexus GX 460 Luxury,70982,45085,Fair,2021,Lexus,GX 460 Luxury
2021 Lexus GX 460 Base,47275,42998,Good,2021,Lexus,GX 460 Base
2021 Lexus GX 460 Base,36303,44998,Good,2021,Lexus,GX 460 Base
2021 Lexus GX 460 Base,39085,42998,Good,2021,Lexus,GX 460 Base
2021 Lexus GX 460 Premium,20456,43995,Good,2021,Lexus,GX 460 Premium
2021 Lexus GX 460 Premium,43423,42777,Fair,2021,Lexus,GX 460 Premium
2021 Lexus GX 460 Premium,28121,45000,Good,2021,Lexus,GX 460 Premium
2021 Lexus GX 460 Luxury,50573,48995,Good,2021,Lexus,GX 460 Luxury
2021 Lexus GX 460 Premium,46440,45000,Good,2021,Lexus,GX 460 Premium
2021 Lexus GX 460 Base,14061,49998,Good,2021,Lexus,GX 460 Base
2021 Lexus GX 460 Base,29128,42984,Fair,2021,Lexus,GX 460 Base
2021 Lexus GX 460 Base,21955,44991,Great,2021,Lexus,GX 460 Base
2021 Lexus GX 460 Luxury,28215,49223,Good,2021,Lexus,GX 460 Luxury
2021 Lexus GX 460 Luxury,19151,48177,Good,2021,Lexus,GX 460 Luxury
2021 Lexus GX 460 Premium,47071,49950,Good,2021,Lexus,GX 460 Premium
2021 Lexus GX 460 Base,18645,48998,Good,2021,Lexus,GX 460 Base
2021 Lexus GX 460 Base,37751,41500,Great,2021,Lexus,GX 460 Base
2021 Lexus GX 460 Luxury,48448,49997,Fair,2021,Lexus,GX 460 Luxury
2021 Lexus GX 460 Premium,52000,44000,Good,2021,Lexus,GX 460 Premium
2021 Lexus GX 460 Base,35369,44999,Good,2021,Lexus,GX 460 Base
2021 Lexus GX 460 Base,29808,46900,Good,2021,Lexus,GX 460 Base
2021 Lexus GX 460 460,39697,46998,Good,2021,Lexus,GX 460 460
2021 Lexus GX 460 Base,52954,46900,Good,2021,Lexus,GX 460 Base
2021 Lexus GX 460 Premium,48011,45098,Good,2021,Lexus,GX 460 Premium
2021 Lexus GX 460 Premium,43117,47699,Good,2021,Lexus,GX 460 Premium
2021 Lexus GX 460 Luxury,35179,48998,Good,2021,Lexus,GX 460 Luxury
2021 Lexus GX 460 Base,18608,49155,Good,2021,Lexus,GX 460 Base
2021 Lexus GX 460 Base,38875,44998,Good,2021,Lexus,GX 460 Base
2021 Lexus GX 460 Base,47559,38490,Great,2021,Lexus,GX 460 Base
2021 Lexus GX 460 Premium,11245,47000,Good,2021,Lexus,GX 460 Premium
2021 Lexus GX 460 Base,21308,46998,Good,2021,Lexus,GX 460 Base
2021 Lexus GX 460 Base,60749,42990,Good,2021,Lexus,GX 460 Base
2021 Lexus GX 460 Base,47888,44000,Good,2021,Lexus,GX 460 Base
2021 Lexus GX 460 Premium,19053,52998,Great,2021,Lexus,GX 460 Premium
2021 Lexus GX 460 Base,9990,44998,Good,2021,Lexus,GX 460 Base
2021 Lexus GX 460 Base,27502,45998,Good,2021,Lexus,GX 460 Base
2021 Lexus GX 460 GX 460 Premium 4WD,31735,46989,None,2021,Lexus,GX 460 GX 460 Premium 4WD
2021 Lexus GX 460 Premium,28214,43064,Good,2021,Lexus,GX 460 Premium
2021 Lexus GX 460 Base,15318,49995,Good,2021,Lexus,GX 460 Base
2021 Lexus GX 460 Base,38269,47495,Good,2021,Lexus,GX 460 Base
2021 Lexus GX 460 Base,40479,42980,Good,2021,Lexus,GX 460 Base
2021 Lexus GX 460 Premium,36355,47495,Good,2021,Lexus,GX 460 Premium
2021 Lexus GX 460 Luxury,33744,51598,Good,2021,Lexus,GX 460 Luxury
2021 Lexus GX 460 Premium,25701,46488,Good,2021,Lexus,GX 460 Premium
2021 Lexus GX 460 Base,34633,44490,Great,2021,Lexus,GX 460 Base
2021 Lexus GX 460,43584,41988,Good,2021,Lexus,GX 460
2021 Lexus GX 460 Premium,27224,46488,Good,2021,Lexus,GX 460 Premium
2021 Lexus GX 460 Base,42930,45998,Good,2021,Lexus,GX 460 Base
2021 Lexus GX 460 Base,23481,48360,Good,2021,Lexus,GX 460 Base
2021 Lexus GX 460 Base,37173,43495,Good,2021,Lexus,GX 460 Base
2021 Lexus GX 460 Base,42702,45990,Good,2021,Lexus,GX 460 Base
2021 Lexus GX 460 Premium,35825,50895,Fair,2021,Lexus,GX 460 Premium
2021 Lexus GX 460 Base,16442,48500,Good,2021,Lexus,GX 460 Base
2021 Lexus GX 460 Premium,42226,43694,Good,2021,Lexus,GX 460 Premium
2021 Lexus GX 460 Base,30475,44888,Great,2021,Lexus,GX 460 Base
2021 Lexus GX 460 Base,49981,44688,Good,2021,Lexus,GX 460 Base
2021 Lexus GX 460 Base,41015,42889,Good,2021,Lexus,GX 460 Base
2021 Lexus GX 460 Luxury,54663,47008,Good,2021,Lexus,GX 460 Luxury
2021 Lexus GX 460 Base,41326,46889,Good,2021,Lexus,GX 460 Base
2021 Lexus GX 460 Base,36909,42798,Great,2021,Lexus,GX 460 Base
2021 Lexus GX 460 Premium,45684,44494,Good,2021,Lexus,GX 460 Premium
2021 Lexus GX 460 Premium,23759,42999,Great,2021,Lexus,GX 460 Premium
2021 Lexus GX 460 Base,28268,44998,None,2021,Lexus,GX 460 Base
2021 Lexus GX 460 Base,33420,42998,None,2021,Lexus,GX 460 Base
2021 Lexus GX 460 Base,31102,45998,Good,2021,Lexus,GX 460 Base
2021 Lexus GX 460 Luxury,40607,48995,Good,2021,Lexus,GX 460 Luxury
2021 Lexus GX 460 Base,38089,47995,Good,2021,Lexus,GX 460 Base
2021 Lexus GX 460 Base,28048,46193,Good,2021,Lexus,GX 460 Base
2021 Lexus GX 460 Base,20730,51401,Good,2021,Lexus,GX 460 Base
2021 Lexus GX 460 Base,16818,51388,Good,2021,Lexus,GX 460 Base
2021 Lexus GX 460 GX 460 Premium,32623,50888,Good,2021,Lexus,GX 460 GX 460 Premium
2021 Lexus GX 460 Base,38306,43998,Good,2021,Lexus,GX 460 Base
2021 Lexus GX 460 Premium,41198,49895,Good,2021,Lexus,GX 460 Premium
2021 Lexus GX 460 Premium,49442,40899,Good,2021,Lexus,GX 460 Premium
2021 Lexus GX 460 Base,26962,47577,Good,2021,Lexus,GX 460 Base
2021 Lexus GX 460 Base,17448,47669,Good,2021,Lexus,GX 460 Base
2021 Lexus GX 460 Luxury,78249,42545,Good,2021,Lexus,GX 460 Luxury
2021 Lexus GX 460 Base,43075,43998,Good,2021,Lexus,GX 460 Base
2021 Lexus GX 460 Base,54548,45995,Fair,2021,Lexus,GX 460 Base
2021 Lexus GX 460 Base,26899,45787,Good,2021,Lexus,GX 460 Base
2021 Lexus GX 460 Luxury,32840,47901,Good,2021,Lexus,GX 460 Luxury
2021 Lexus GX 460 Base,11769,50998,Good,2021,Lexus,GX 460 Base
2021 Lexus GX 460 Premium,10062,45800,Great,2021,Lexus,GX 460 Premium
2021 Lexus GX 460 Base,59111,42700,Good,2021,Lexus,GX 460 Base
2021 Lexus GX 460,51382,46988,Good,2021,Lexus,GX 460
2021 Lexus GX 460 Base,20707,47988,Good,2021,Lexus,GX 460 Base
2021 Lexus GX 460 Base,25283,46811,Good,2021,Lexus,GX 460 Base
2021 Lexus GX 460 Luxury,37398,50995,Good,2021,Lexus,GX 460 Luxury
2021 Lexus GX 460 460,25377,44989,Good,2021,Lexus,GX 460 460
2021 Lexus GX 460 Base,29062,46998,Good,2021,Lexus,GX 460 Base
2021 Lexus GX 460 Base,30540,46788,Good,2021,Lexus,GX 460 Base
2021 Lexus GX 460 Base,27415,47498,Good,2021,Lexus,GX 460 Base
2021 Lexus GX 460 Base,40238,44499,Good,2021,Lexus,GX 460 Base
2021 Lexus GX 460 Luxury,120955,33771,Good,2021,Lexus,GX 460 Luxury
2021 Lexus GX 460 Base,26636,47420,Good,2021,Lexus,GX 460 Base
2021 Lexus GX 460 Base,21147,47997,Good,2021,Lexus,GX 460 Base
2021 Lexus GX 460 Base,23346,47998,Good,2021,Lexus,GX 460 Base
2021 Lexus GX 460 Premium,28024,45981,Good,2021,Lexus,GX 460 Premium
2021 Lexus GX 460 Premium,28254,45999,Good,2021,Lexus,GX 460 Premium
2021 Lexus GX 460 Base,30404,47995,Good,2021,Lexus,GX 460 Base
2021 Lexus GX 460 Luxury,50752,50000,Good,2021,Lexus,GX 460 Luxury
2021 Lexus GX 460 Base,24950,45888,Good,2021,Lexus,GX 460 Base
2021 Lexus GX 460 Base,60078,41689,Good,2021,Lexus,GX 460 Base
2021 Lexus GX 460 Base,36749,46591,Good,2021,Lexus,GX 460 Base
2021 Lexus GX 460 Base,50470,45098,Good,2021,Lexus,GX 460 Base
2021 Lexus GX 460 Base,20401,41988,Great,2021,Lexus,GX 460 Base
2021 Lexus GX 460 Base,37641,42339,Good,2021,Lexus,GX 460 Base
2021 Lexus GX 460 Base,41679,40988,Great,2021,Lexus,GX 460 Base
2021 Lexus GX 460 Premium,44640,45737,Good,2021,Lexus,GX 460 Premium
2021 Lexus GX 460 Base,19805,41888,Great,2021,Lexus,GX 460 Base
2021 Lexus GX 460 Premium,25134,46888,Good,2021,Lexus,GX 460 Premium
2021 Lexus GX 460 Luxury,26006,45564,Good,2021,Lexus,GX 460 Luxury
2021 Lexus GX 460 Base,32498,43899,Good,2021,Lexus,GX 460 Base
2021 Lexus GX 460 Base,50583,40988,Good,2021,Lexus,GX 460 Base
2021 Lexus GX 460 Base,48734,46500,Good,2021,Lexus,GX 460 Base
2021 Lexus GX 460 Base,36318,39999,Great,2021,Lexus,GX 460 Base
2021 Lexus GX 460 Base,65074,39288,Good,2021,Lexus,GX 460 Base
2021 Lexus GX 460 Base,25598,46991,Good,2021,Lexus,GX 460 Base
2021 Lexus GX 460 Base,55313,41920,Good,2021,Lexus,GX 460 Base
2021 Lexus GX 460 Premium,51954,40900,Good,2021,Lexus,GX 460 Premium
2021 Lexus GX 460 Base,28238,40887,Great,2021,Lexus,GX 460 Base
2021 Lexus GX 460 Base,28743,42500,Good,2021,Lexus,GX 460 Base
2021 Lexus GX 460 Base,34361,44497,Good,2021,Lexus,GX 460 Base
2021 Lexus GX 460 Premium,45465,40500,Good,2021,Lexus,GX 460 Premium
2021 Lexus GX 460 Base,18885,50998,Good,2021,Lexus,GX 460 Base
2021 Lexus GX 460 Base,42068,40988,Great,2021,Lexus,GX 460 Base
2021 Lexus GX 460 Luxury,37646,47749,Good,2021,Lexus,GX 460 Luxury
2021 Lexus GX 460 Base,42478,42998,Good,2021,Lexus,GX 460 Base
2021 Lexus GX 460 Premium,43277,40000,Great,2021,Lexus,GX 460 Premium
2021 Lexus GX 460 Base,30005,45998,Good,2021,Lexus,GX 460 Base
2021 Lexus GX 460 Base,40167,45999,Good,2021,Lexus,GX 460 Base
2021 Lexus GX 460 Premium,30425,43088,Good,2021,Lexus,GX 460 Premium
2021 Lexus GX 460 Base,13324,48998,Good,2021,Lexus,GX 460 Base
2021 Lexus GX 460 Base,18596,48998,Good,2021,Lexus,GX 460 Base
2021 Lexus GX 460 Base,37105,44281,Good,2021,Lexus,GX 460 Base
2021 Lexus GX 460 Premium,46719,43000,Good,2021,Lexus,GX 460 Premium
2021 Lexus GX 460 Base,28696,47900,Good,2021,Lexus,GX 460 Base
2021 Lexus GX 460 Base,17834,48990,Good,2021,Lexus,GX 460 Base
2021 Lexus GX 460 Premium,10849,45301,Good,2021,Lexus,GX 460 Premium
2021 Lexus GX 460 Luxury,19675,47499,Good,2021,Lexus,GX 460 Luxury
2021 Lexus GX 460 Base,33773,45998,Good,2021,Lexus,GX 460 Base
2021 Lexus GX 460 GX 460 Premium,32573,43879,Good,2021,Lexus,GX 460 GX 460 Premium
2021 Lexus GX 460 Base,37509,45000,Good,2021,Lexus,GX 460 Base
2021 Lexus GX 460 Base,33259,42699,Great,2021,Lexus,GX 460 Base
2021 Lexus GX 460 Base,23016,44997,Great,2021,Lexus,GX 460 Base
2021 Lexus GX 460 Base,31046,44400,Good,2021,Lexus,GX 460 Base
2021 Lexus GX 460 Luxury,41602,47400,Good,2021,Lexus,GX 460 Luxury
2021 Lexus GX 460 Premium,52410,34357,Great,2021,Lexus,GX 460 Premium
2021 Lexus GX 460 Premium,31910,48974,Fair,2021,Lexus,GX 460 Premium
2021 Lexus GX 460 Base,17009,45288,Good,2021,Lexus,GX 460 Base
2021 Lexus GX 460 Base,41113,42700,Good,2021,Lexus,GX 460 Base
2021 Lexus GX 460 Luxury,90555,39909,Good,2021,Lexus,GX 460 Luxury
2021 Lexus GX 460 Base,64332,39877,Good,2021,Lexus,GX 460 Base
2021 Lexus GX 460 Base,27754,46998,Good,2021,Lexus,GX 460 Base
2021 Lexus GX 460 Premium,36752,43000,Good,2021,Lexus,GX 460 Premium
2021 Lexus GX 460 Base,42467,45598,Good,2021,Lexus,GX 460 Base
2021 Lexus GX 460 Base,39755,46598,Good,2021,Lexus,GX 460 Base
2021 Lexus GX 460 460,36701,41000,Good,2021,Lexus,GX 460 460
2021 Lexus GX 460 Premium,46909,41500,Good,2021,Lexus,GX 460 Premium
2021 Lexus GX 460 Base,30607,48798,Fair,2021,Lexus,GX 460 Base
2021 Lexus GX 460 Base,52850,41024,Fair,2021,Lexus,GX 460 Base
2021 Lexus GX 460 Base,46952,38996,Great,2021,Lexus,GX 460 Base
2021 Lexus GX 460 Luxury,10407,50000,Good,2021,Lexus,GX 460 Luxury
2021 Lexus GX 460 Premium,68429,37511,Good,2021,Lexus,GX 460 Premium
2021 Lexus GX 460 Base,34887,44995,Good,2021,Lexus,GX 460 Base
2021 Lexus GX 460 Base,53618,37997,Great,2021,Lexus,GX 460 Base
2021 Lexus GX 460 Luxury,31601,49888,Good,2021,Lexus,GX 460 Luxury
2021 Lexus GX 460 Base,36393,43894,Good,2021,Lexus,GX 460 Base
2021 Lexus GX 460 Base,54283,39800,Great,2021,Lexus,GX 460 Base
2021 Lexus GX 460 Premium,41351,41590,Great,2021,Lexus,GX 460 Premium
2021 Lexus GX 460 Base,51152,39871,Great,2021,Lexus,GX 460 Base
2021 Lexus GX 460 Base,16341,56929,Fair,2021,Lexus,GX 460 Base
2021 Lexus GX 460 Base,41255,43998,Good,2021,Lexus,GX 460 Base
2021 Lexus GX 460 Base,15436,48388,Good,2021,Lexus,GX 460 Base
2021 Lexus GX 460 Base,31802,45039,Good,2021,Lexus,GX 460 Base
2021 Lexus GX 460 Base,7322,52795,Good,2021,Lexus,GX 460 Base
2021 Lexus GX 460 Base,19870,47495,Good,2021,Lexus,GX 460 Base
2021 Lexus GX 460 Base,48371,42998,Great,2021,Lexus,GX 460 Base
2021 Lexus GX 460 Base,37968,41004,Good,2021,Lexus,GX 460 Base
2021 Lexus GX 460 Premium,42825,49920,Great,2021,Lexus,GX 460 Premium
2021 Lexus GX 460 Base,25569,49963,Good,2021,Lexus,GX 460 Base
2021 Lexus GX 460 Base,50801,42995,Good,2021,Lexus,GX 460 Base
2021 Lexus GX 460 Base,22476,48983,Good,2021,Lexus,GX 460 Base
2021 Lexus GX 460 Premium,25030,45511,Good,2021,Lexus,GX 460 Premium
2021 Lexus GX 460 Premium,33769,45998,Good,2021,Lexus,GX 460 Premium
2021 Lexus GX 460 Base,37137,44500,Good,2021,Lexus,GX 460 Base
2021 Lexus GX 460 Base,31304,50594,Fair,2021,Lexus,GX 460 Base
2021 Lexus GX 460 Base,58717,40000,Good,2021,Lexus,GX 460 Base
2021 Lexus GX 460 Base,38821,42775,Good,2021,Lexus,GX 460 Base
2021 Lexus GX 460 Base,22108,40995,Good,2021,Lexus,GX 460 Base
2021 Lexus GX 460 Base,31787,48998,Good,2021,Lexus,GX 460 Base
2021 Lexus GX 460 Base,25679,46289,Good,2021,Lexus,GX 460 Base
2021 Lexus GX 460 Base,122220,31987,None,2021,Lexus,GX 460 Base
2021 Lexus GX 460 Base,27904,62014,None,2021,Lexus,GX 460 Base
2021 Lexus GX 460 Base,32867,45500,Good,2021,Lexus,GX 460 Base
2021 Lexus GX 460 Luxury,25232,50000,Good,2021,Lexus,GX 460 Luxury
2021 Lexus GX 460 Luxury,41644,49491,Good,2021,Lexus,GX 460 Luxury
2021 Lexus GX 460 Base,22425,44250,Good,2021,Lexus,GX 460 Base
2021 Lexus GX 460 Base,29936,45998,Good,2021,Lexus,GX 460 Base
2021 Lexus GX 460 Base,48716,44011,Good,2021,Lexus,GX 460 Base
2021 Lexus GX 460 Premium,34113,43103,Good,2021,Lexus,GX 460 Premium
2021 Lexus GX 460 Base,34498,45998,Good,2021,Lexus,GX 460 Base
2021 Lexus GX 460 Luxury,28736,47800,Good,2021,Lexus,GX 460 Luxury
2021 Lexus GX 460 Base,35704,46998,Good,2021,Lexus,GX 460 Base
2021 Lexus GX 460 Base,37434,52929,Fair,2021,Lexus,GX 460 Base
2021 Lexus GX 460 Luxury,60924,44864,Good,2021,Lexus,GX 460 Luxury
2021 Lexus GX 460 Luxury,36299,50661,Good,2021,Lexus,GX 460 Luxury
2021 Lexus GX 460 Base,12724,51998,Good,2021,Lexus,GX 460 Base
2021 Lexus GX 460 Luxury,39958,46475,Good,2021,Lexus,GX 460 Luxury
2021 Lexus GX 460 Base,25835,45599,Good,2021,Lexus,GX 460 Base
2021 Lexus GX 460 Premium,34751,42514,Great,2021,Lexus,GX 460 Premium
2021 Lexus GX 460 Base,59585,39998,Good,2021,Lexus,GX 460 Base
2021 Lexus GX 460 Base,38176,40998,Good,2021,Lexus,GX 460 Base
2021 Lexus GX 460 Premium,54198,41834,Good,2021,Lexus,GX 460 Premium
2021 Lexus GX 460 Base,10483,46228,Good,2021,Lexus,GX 460 Base
2021 Lexus GX 460 Premium,55717,40666,Good,2021,Lexus,GX 460 Premium
2021 Lexus GX 460 Base,66244,39071,Fair,2021,Lexus,GX 460 Base
2021 Lexus GX 460 Base,48986,40000,Good,2021,Lexus,GX 460 Base
2021 Lexus GX 460 Premium,47786,45999,Good,2021,Lexus,GX 460 Premium
2021 Lexus GX 460 Base,20253,50369,Good,2021,Lexus,GX 460 Base
2021 Lexus GX 460 Premium,45429,46864,Good,2021,Lexus,GX 460 Premium
2021 Lexus GX 460 Premium,25489,44866,Good,2021,Lexus,GX 460 Premium
2021 Lexus GX 460 Base,31293,47291,Good,2021,Lexus,GX 460 Base
2021 Lexus GX 460 Base,28596,45992,Good,2021,Lexus,GX 460 Base
2021 Lexus GX 460 460,19156,44881,Good,2021,Lexus,GX 460 460
2021 Lexus GX 460 Base,43727,45600,Good,2021,Lexus,GX 460 Base
2021 Lexus GX 460 Base,11010,50995,Good,2021,Lexus,GX 460 Base
2021 Lexus GX 460 Base,18906,48655,Fair,2021,Lexus,GX 460 Base
2021 Lexus GX 460 Base,24804,44224,Good,2021,Lexus,GX 460 Base
2021 Lexus GX 460 Premium,63793,42950,Good,2021,Lexus,GX 460 Premium
2021 Lexus GX 460 Base,35751,43995,Good,2021,Lexus,GX 460 Base
2021 Lexus GX 460 Premium,36101,44700,Good,2021,Lexus,GX 460 Premium
2021 Lexus GX 460 Base,33736,43998,Good,2021,Lexus,GX 460 Base
2021 Lexus GX 460 Base,22778,46995,Good,2021,Lexus,GX 460 Base
2021 Lexus GX 460 Base,22125,46977,Good,2021,Lexus,GX 460 Base
2021 Lexus GX 460 Premium,33376,41995,Great,2021,Lexus,GX 460 Premium
2021 Lexus GX 460 Base,15450,51104,Good,2021,Lexus,GX 460 Base
2021 Lexus GX 460 Base,44875,43495,Good,2021,Lexus,GX 460 Base
2021 Lexus GX 460 Base,35592,47743,Good,2021,Lexus,GX 460 Base
2021 Lexus GX 460 Base,38151,46495,Good,2021,Lexus,GX 460 Base
2021 Lexus GX 460 Base,33515,43250,Good,2021,Lexus,GX 460 Base
2021 Lexus GX 460 Base,30214,44800,Good,2021,Lexus,GX 460 Base
2021 Lexus GX 460 Luxury,28860,48998,Good,2021,Lexus,GX 460 Luxury
2021 Lexus GX 460 Premium,25043,46300,Good,2021,Lexus,GX 460 Premium
2021 Lexus GX 460 Base,21953,45998,Good,2021,Lexus,GX 460 Base
2021 Lexus GX 460 Base,22928,47988,Good,2021,Lexus,GX 460 Base
2021 Lexus GX 460 Premium,38875,39995,Great,2021,Lexus,GX 460 Premium
2021 Lexus GX 460 GX 460 Premium 4WD,54030,41995,Good,2021,Lexus,GX 460 GX 460 Premium 4WD
2021 Lexus GX 460 Base,38529,42488,Good,2021,Lexus,GX 460 Base
2021 Lexus GX 460,15729,48888,Good,2021,Lexus,GX 460
2021 Lexus GX 460 Base,69933,37688,Good,2021,Lexus,GX 460 Base
2021 Lexus GX 460 Base,50989,42999,Good,2021,Lexus,GX 460 Base
2021 Lexus GX 460 460,52912,41590,Good,2021,Lexus,GX 460 460
2021 Lexus GX 460 Base,87315,38999,Good,2021,Lexus,GX 460 Base
2021 Lexus GX 460 Base,40633,41995,Good,2021,Lexus,GX 460 Base
2021 Lexus GX 460 Base,40035,44999,Good,2021,Lexus,GX 460 Base
2021 Lexus GX 460 Base,37079,45761,Good,2021,Lexus,GX 460 Base
2021 Lexus GX 460 Base,29685,48990,Good,2021,Lexus,GX 460 Base
2021 Lexus GX 460 Base,54214,41539,Good,2021,Lexus,GX 460 Base
2021 Lexus GX 460 Premium,41500,44958,Good,2021,Lexus,GX 460 Premium
2021 Lexus GX 460 Base,58866,39494,Good,2021,Lexus,GX 460 Base
2021 Lexus GX 460 Premium,39091,49995,Good,2021,Lexus,GX 460 Premium
2021 Lexus GX 460 Base,24525,47800,Good,2021,Lexus,GX 460 Base
2021 Lexus GX 460 460,30000,46651,Fair,2021,Lexus,GX 460 460
2021 Lexus GX 460 Premium,35198,44995,Good,2021,Lexus,GX 460 Premium
2021 Lexus GX 460 Base,92947,42488,Fair,2021,Lexus,GX 460 Base
2021 Lexus GX 460 Luxury,20927,51998,Good,2021,Lexus,GX 460 Luxury
2021 Lexus GX 460 Base,27373,46988,Good,2021,Lexus,GX 460 Base
2021 Lexus GX 460 Base,18066,49990,Good,2021,Lexus,GX 460 Base
2021 Lexus GX 460 Luxury,46949,45771,Good,2021,Lexus,GX 460 Luxury
2021 Lexus GX 460 Base,46584,43995,Good,2021,Lexus,GX 460 Base
2021 Lexus GX 460 Luxury,74293,43997,Good,2021,Lexus,GX 460 Luxury
2021 Lexus GX 460 460,72329,42368,Good,2021,Lexus,GX 460 460
2021 Lexus GX 460 Premium,46871,42880,Good,2021,Lexus,GX 460 Premium
2021 Lexus GX 460 Base,57086,38998,Great,2021,Lexus,GX 460 Base
2021 Lexus GX 460 Base,10843,53662,Good,2021,Lexus,GX 460 Base
2021 Lexus GX 460 Base,26546,47799,Good,2021,Lexus,GX 460 Base
2021 Lexus GX 460 Base,55925,38914,Great,2021,Lexus,GX 460 Base
2021 Lexus GX 460 Base,47120,41000,Great,2021,Lexus,GX 460 Base
2021 Lexus GX 460 Base,17338,47495,Great,2021,Lexus,GX 460 Base
2021 Lexus GX 460 Premium,29213,50895,Good,2021,Lexus,GX 460 Premium
2021 Lexus GX 460 Base,24041,49990,Good,2021,Lexus,GX 460 Base
2021 Lexus GX 460 Base,26586,46685,Good,2021,Lexus,GX 460 Base
2021 Lexus GX 460 Base,22036,45495,Good,2021,Lexus,GX 460 Base
2021 Lexus GX 460 Base,41628,44988,Good,2021,Lexus,GX 460 Base
2021 Lexus GX 460 Base,18906,45495,Good,2021,Lexus,GX 460 Base
2021 Lexus GX 460 Premium,88800,34998,Great,2021,Lexus,GX 460 Premium
2021 Lexus GX 460 Base,32972,45298,Good,2021,Lexus,GX 460 Base
2021 Lexus GX 460 Base,51578,43904,Great,2021,Lexus,GX 460 Base
2021 Lexus GX 460 Base,66929,19950,None,2021,Lexus,GX 460 Base
2021 Lexus GX 460 Premium,31338,39450,None,2021,Lexus,GX 460 Premium
2021 Lexus GX 460 Luxury,42342,47780,Good,2021,Lexus,GX 460 Luxury
2021 Lexus GX 460 Base,44001,47900,Good,2021,Lexus,GX 460 Base
2021 Lexus GX 460 Base,46102,49425,None,2021,Lexus,GX 460 Base
2021 Lexus GX 460 Premium,39085,46999,Fair,2021,Lexus,GX 460 Premium
2021 Lexus GX 460 Base,64040,38990,Good,2021,Lexus,GX 460 Base
2021 Lexus GX 460 Premium,48683,41392,Good,2021,Lexus,GX 460 Premium
2021 Lexus GX 460 Premium,47806,40998,Great,2021,Lexus,GX 460 Premium
2022 Lexus GX 460 Base,38215,48998,Great,2022,Lexus,GX 460 Base
2022 Lexus GX 460 Base,15523,52980,Good,2022,Lexus,GX 460 Base
2022 Lexus GX 460 Base,16156,52999,Great,2022,Lexus,GX 460 Base
2022 Lexus GX 460 460 LUXURY,36415,52988,Great,2022,Lexus,GX 460 460 LUXURY
2022 Lexus GX 460 460,25275,50987,Good,2022,Lexus,GX 460 460
2022 Lexus GX 460 Base,12023,54497,Good,2022,Lexus,GX 460 Base
2022 Lexus GX 460 Base,30752,50827,Good,2022,Lexus,GX 460 Base
2022 Lexus GX 460 Premium,35521,50991,Great,2022,Lexus,GX 460 Premium
2022 Lexus GX 460 Base,22316,51400,Good,2022,Lexus,GX 460 Base
2022 Lexus GX 460 Premium,13329,53550,Good,2022,Lexus,GX 460 Premium
2022 Lexus GX 460 Base,24501,51447,Good,2022,Lexus,GX 460 Base
2022 Lexus GX 460 460,23416,54163,Good,2022,Lexus,GX 460 460
2022 Lexus GX 460 Premium,17069,48695,Fair,2022,Lexus,GX 460 Premium
2022 Lexus GX 460 Premium,35323,46500,Great,2022,Lexus,GX 460 Premium
2022 Lexus GX 460 Premium,44391,46400,None,2022,Lexus,GX 460 Premium
2022 Lexus GX 460 Base,32238,48995,Good,2022,Lexus,GX 460 Base
2022 Lexus GX 460 Base,36515,53000,Fair,2022,Lexus,GX 460 Base
2022 Lexus GX 460 Base,9159,54995,Good,2022,Lexus,GX 460 Base
2022 Lexus GX 460 Base,42250,46995,Good,2022,Lexus,GX 460 Base
2022 Lexus GX 460 Premium,22407,48874,Good,2022,Lexus,GX 460 Premium
2022 Lexus GX 460 Luxury,31950,53500,Good,2022,Lexus,GX 460 Luxury
2022 Lexus GX 460 Luxury,36554,53318,Good,2022,Lexus,GX 460 Luxury
2022 Lexus GX 460 Base,33533,50488,Good,2022,Lexus,GX 460 Base
2022 Lexus GX 460 460,30213,54659,Good,2022,Lexus,GX 460 460
2022 Lexus GX 460 Base,30814,50262,Good,2022,Lexus,GX 460 Base
2022 Lexus GX 460 Premium,29000,49000,Great,2022,Lexus,GX 460 Premium
2022 Lexus GX 460 Premium,28321,53995,Good,2022,Lexus,GX 460 Premium
2022 Lexus GX 460 Base,27997,52888,None,2022,Lexus,GX 460 Base
2022 Lexus GX 460 Base,13931,52800,Good,2022,Lexus,GX 460 Base
2022 Lexus GX 460 AWD 4dr SUV,51301,50995,Fair,2022,Lexus,GX 460 AWD 4dr SUV
2022 Lexus GX 460 Base,15272,55990,Good,2022,Lexus,GX 460 Base
2022 Lexus GX 460 Base,6657,54995,Good,2022,Lexus,GX 460 Base
2022 Lexus GX 460 Base,8021,51986,Good,2022,Lexus,GX 460 Base
2022 Lexus GX 460 Luxury,52976,54900,Fair,2022,Lexus,GX 460 Luxury
2022 Lexus GX 460 Base,32489,52900,Good,2022,Lexus,GX 460 Base
2022 Lexus GX 460 Base,30892,54990,Fair,2022,Lexus,GX 460 Base
2022 Lexus GX 460 Base,24689,53500,Good,2022,Lexus,GX 460 Base
2022 Lexus GX 460 Base,20922,49853,Good,2022,Lexus,GX 460 Base
2022 Lexus GX 460 Base,19207,55887,Good,2022,Lexus,GX 460 Base
2022 Lexus GX 460 Premium,17345,55995,Good,2022,Lexus,GX 460 Premium
2022 Lexus GX 460 Base,17981,53995,Good,2022,Lexus,GX 460 Base
2022 Lexus GX 460 Base,29360,48988,Good,2022,Lexus,GX 460 Base
2022 Lexus GX 460 Premium,9100,51500,Great,2022,Lexus,GX 460 Premium
2022 Lexus GX 460 Base,30998,56616,Fair,2022,Lexus,GX 460 Base
2022 Lexus GX 460 Premium,26485,51881,Good,2022,Lexus,GX 460 Premium
2022 Lexus GX 460 Base,26959,53990,Good,2022,Lexus,GX 460 Base
2022 Lexus GX 460 Base,8060,62999,Fair,2022,Lexus,GX 460 Base
2022 Lexus GX 460 Base,20151,53977,Good,2022,Lexus,GX 460 Base
2022 Lexus GX 460 Premium,27025,53995,Fair,2022,Lexus,GX 460 Premium
2022 Lexus GX 460 Luxury,14842,59977,Fair,2022,Lexus,GX 460 Luxury
2022 Lexus GX 460 Luxury,14884,59302,Good,2022,Lexus,GX 460 Luxury
2022 Lexus GX 460 Luxury,39372,54992,Fair,2022,Lexus,GX 460 Luxury
2022 Lexus GX 460 Base,41906,49639,Fair,2022,Lexus,GX 460 Base
2022 Lexus GX 460 Base,22495,49491,Good,2022,Lexus,GX 460 Base
2022 Lexus GX 460 Premium,21019,48990,Good,2022,Lexus,GX 460 Premium
2022 Lexus GX 460 Base,27614,51900,Fair,2022,Lexus,GX 460 Base
2022 Lexus GX 460 Base,30115,50995,Fair,2022,Lexus,GX 460 Base
2022 Lexus GX 460 Base,22078,49800,Good,2022,Lexus,GX 460 Base
2022 Lexus GX 460 Base,38907,42998,Good,2022,Lexus,GX 460 Base
2022 Lexus GX 460,27793,47988,Great,2022,Lexus,GX 460
2022 Lexus GX 460,22907,54195,Good,2022,Lexus,GX 460
2022 Lexus GX 460 Base,36583,50000,Fair,2022,Lexus,GX 460 Base
2022 Lexus GX 460 Luxury,30106,53991,Fair,2022,Lexus,GX 460 Luxury
2022 Lexus GX 460 Base,35744,52250,Good,2022,Lexus,GX 460 Base
2022 Lexus GX 460 Base,14478,51672,Good,2022,Lexus,GX 460 Base
2022 Lexus GX 460 Premium,35326,50998,Fair,2022,Lexus,GX 460 Premium
2022 Lexus GX 460 Luxury,14161,60998,None,2022,Lexus,GX 460 Luxury
2022 Lexus GX 460 Base,30415,59493,Fair,2022,Lexus,GX 460 Base
2022 Lexus GX 460 Base,61118,45420,Fair,2022,Lexus,GX 460 Base
2022 Lexus GX 460 Base,36747,47995,Good,2022,Lexus,GX 460 Base
2022 Lexus GX 460 Base,23110,54585,Good,2022,Lexus,GX 460 Base
2022 Lexus GX 460 Base,27156,56837,Fair,2022,Lexus,GX 460 Base
2022 Lexus GX 460 Base,31539,50870,Good,2022,Lexus,GX 460 Base
2022 Lexus GX 460 Base,58901,49490,Fair,2022,Lexus,GX 460 Base
2022 Lexus GX 460 Base,18497,57600,Fair,2022,Lexus,GX 460 Base
2022 Lexus GX 460 Base,17338,56781,Good,2022,Lexus,GX 460 Base
2022 Lexus GX 460 Premium,22113,56699,Good,2022,Lexus,GX 460 Premium
2022 Lexus GX 460 GX 460,52110,46294,Good,2022,Lexus,GX 460 GX 460
2022 Lexus GX 460 Base,30881,49911,Fair,2022,Lexus,GX 460 Base
2022 Lexus GX 460 460,22437,53880,Good,2022,Lexus,GX 460 460
2022 Lexus GX 460 Base,7429,59662,Good,2022,Lexus,GX 460 Base
2022 Lexus GX 460 Base,11484,56998,Good,2022,Lexus,GX 460 Base
2022 Lexus GX 460 Base,26605,50200,Good,2022,Lexus,GX 460 Base
2022 Lexus GX 460 Base,35185,46988,Good,2022,Lexus,GX 460 Base
2022 Lexus GX 460 Base,23865,53892,Fair,2022,Lexus,GX 460 Base
2022 Lexus GX 460 Base,20830,47832,Good,2022,Lexus,GX 460 Base
2022 Lexus GX 460 Premium,15090,56000,Good,2022,Lexus,GX 460 Premium
2022 Lexus GX 460 Premium,40374,49154,Good,2022,Lexus,GX 460 Premium
2022 Lexus GX 460 Base,22789,53975,Good,2022,Lexus,GX 460 Base
2022 Lexus GX 460 Premium,21557,49995,Good,2022,Lexus,GX 460 Premium
2022 Lexus GX 460 Base,8015,54998,Good,2022,Lexus,GX 460 Base
2022 Lexus GX 460 Base,45364,52990,Fair,2022,Lexus,GX 460 Base
2022 Lexus GX 460 GX 460 Premium,38145,45910,Good,2022,Lexus,GX 460 GX 460 Premium
2022 Lexus GX 460 Base,13787,53887,Good,2022,Lexus,GX 460 Base
2022 Lexus GX 460 Base,6808,61998,Fair,2022,Lexus,GX 460 Base
2022 Lexus GX 460 Premium,29550,53995,Good,2022,Lexus,GX 460 Premium
2022 Lexus GX 460 Base,34375,52900,Good,2022,Lexus,GX 460 Base
2022 Lexus GX 460 Base,6239,54422,Good,2022,Lexus,GX 460 Base
2022 Lexus GX 460 Premium,36763,50988,None,2022,Lexus,GX 460 Premium
2022 Lexus GX 460 Base,52028,49900,Fair,2022,Lexus,GX 460 Base
2022 Lexus GX 460 Premium,8031,55989,Good,2022,Lexus,GX 460 Premium
2022 Lexus GX 460 Base,19940,50789,None,2022,Lexus,GX 460 Base
2023 Lexus GX 460 Base,6794,55874,Good,2023,Lexus,GX 460 Base
2023 Lexus GX 460 Base,28133,57998,Good,2023,Lexus,GX 460 Base
2023 Lexus GX 460 Premium,7106,62590,Great,2023,Lexus,GX 460 Premium
2023 Lexus GX 460 Luxury,15761,60800,Good,2023,Lexus,GX 460 Luxury
2023 Lexus GX 460 Premium,14501,57648,Great,2023,Lexus,GX 460 Premium
2023 Lexus GX 460 Premium,26789,58000,Good,2023,Lexus,GX 460 Premium
2023 Lexus GX 460 Premium,12664,58613,Good,2023,Lexus,GX 460 Premium
2023 Lexus GX 460 Base,21149,58387,Fair,2023,Lexus,GX 460 Base
2023 Lexus GX 460 460,4709,59990,Great,2023,Lexus,GX 460 460
2023 Lexus GX 460 Base,13869,56790,Good,2023,Lexus,GX 460 Base
2023 Lexus GX 460 Base,10393,62203,Fair,2023,Lexus,GX 460 Base
2023 Lexus GX 460 Luxury,11303,59988,Good,2023,Lexus,GX 460 Luxury
2023 Lexus GX 460 Base,8685,61636,Good,2023,Lexus,GX 460 Base
2023 Lexus GX 460 Luxury,19819,64665,Good,2023,Lexus,GX 460 Luxury
2023 Lexus GX 460 Base,7713,59966,Good,2023,Lexus,GX 460 Base
2023 Lexus GX 460 460,19054,59590,Good,2023,Lexus,GX 460 460
2023 Lexus GX 460 Base,12088,59944,Good,2023,Lexus,GX 460 Base
2023 Lexus GX 460,15029,58927,Good,2023,Lexus,GX 460
2023 Lexus GX 460 Base,10997,58299,Great,2023,Lexus,GX 460 Base
2023 Lexus GX 460 Base,18167,55887,Good,2023,Lexus,GX 460 Base
2023 Lexus GX 460 Base,19416,62995,Fair,2023,Lexus,GX 460 Base
2023 Lexus GX 460 Base,9004,57995,Great,2023,Lexus,GX 460 Base
2023 Lexus GX 460 Premium,16160,58788,Good,2023,Lexus,GX 460 Premium
2023 Lexus GX 460 Base,3518,60000,Great,2023,Lexus,GX 460 Base
2023 Lexus GX 460 Luxury,5288,64988,Good,2023,Lexus,GX 460 Luxury
2023 Lexus GX 460 Base,16925,55997,Good,2023,Lexus,GX 460 Base
2023 Lexus GX 460 Premium,14780,57995,Good,2023,Lexus,GX 460 Premium
2023 Lexus GX 460 Premium,11044,58998,Great,2023,Lexus,GX 460 Premium
2023 Lexus GX 460 Premium,11139,60000,Good,2023,Lexus,GX 460 Premium
2023 Lexus GX 460 Base,49491,52495,Good,2023,Lexus,GX 460 Base
2023 Lexus GX 460 Premium,8541,60999,Good,2023,Lexus,GX 460 Premium
2023 Lexus GX 460 Base,10741,55008,Fair,2023,Lexus,GX 460 Base
2023 Lexus GX 460 Base,16187,58000,Good,2023,Lexus,GX 460 Base
2023 Lexus GX 460,4633,64988,None,2023,Lexus,GX 460
2023 Lexus GX 460 GX 460 Premium,9599,60000,Good,2023,Lexus,GX 460 GX 460 Premium
2023 Lexus GX 460 Luxury,15849,67657,Fair,2023,Lexus,GX 460 Luxury
2023 Lexus GX 460 Base,7445,60991,Good,2023,Lexus,GX 460 Base
2023 Lexus GX 460 Base,27159,57988,Fair,2023,Lexus,GX 460 Base
2023 Lexus GX 460 Luxury,6630,61398,Good,2023,Lexus,GX 460 Luxury
2023 Lexus GX 460 460,11341,60888,Good,2023,Lexus,GX 460 460
2023 Lexus GX 460 Premium,1861,59995,Great,2023,Lexus,GX 460 Premium
2023 Lexus GX 460 Premium,21785,54808,Good,2023,Lexus,GX 460 Premium
2023 Lexus GX 460 Base,11188,59500,Good,2023,Lexus,GX 460 Base
2023 Lexus GX 460 Base,14126,58990,Good,2023,Lexus,GX 460 Base
2023 Lexus GX 460 Base,1898,63844,Fair,2023,Lexus,GX 460 Base
2023 Lexus GX 460 Base,21273,61495,Good,2023,Lexus,GX 460 Base
2023 Lexus GX 460 Base,13900,55900,Good,2023,Lexus,GX 460 Base
2023 Lexus GX 460 Premium,15309,54980,Great,2023,Lexus,GX 460 Premium
2023 Lexus GX 460 Base,3409,62988,Good,2023,Lexus,GX 460 Base
2023 Lexus GX 460 Luxury,10808,63500,Good,2023,Lexus,GX 460 Luxury
2023 Lexus GX 460 Base,8966,58991,Good,2023,Lexus,GX 460 Base
2023 Lexus GX 460 Base,7698,62495,Good,2023,Lexus,GX 460 Base
2023 Lexus GX 460 Base,9594,58990,Good,2023,Lexus,GX 460 Base
2023 Lexus GX 460 Luxury,3366,65995,Good,2023,Lexus,GX 460 Luxury
2023 Lexus GX 460 Base,2799,57999,Fair,2023,Lexus,GX 460 Base
2023 Lexus GX 460 Luxury,1782,65000,Good,2023,Lexus,GX 460 Luxury
2023 Lexus GX 460 Premium,2950,60688,Great,2023,Lexus,GX 460 Premium
2023 Lexus GX 460 Luxury,32400,63500,Fair,2023,Lexus,GX 460 Luxury
2023 Lexus GX 460 Luxury,3377,62525,Fair,2023,Lexus,GX 460 Luxury
2023 Lexus GX 460 Base,21118,60250,Good,2023,Lexus,GX 460 Base
2023 Lexus GX 460 Premium,11438,59514,Great,2023,Lexus,GX 460 Premium
2023 Lexus GX 460 Base,12769,59000,Good,2023,Lexus,GX 460 Base
2023 Lexus GX 460 Premium,12380,57999,Good,2023,Lexus,GX 460 Premium
2023 Lexus GX 460 Luxury,6201,65424,Good,2023,Lexus,GX 460 Luxury
2023 Lexus GX 460 Luxury,2695,63000,Good,2023,Lexus,GX 460 Luxury
2023 Lexus GX 460 Base,30281,57695,Good,2023,Lexus,GX 460 Base
2023 Lexus GX 460 460,13969,56883,Good,2023,Lexus,GX 460 460
2023 Lexus GX 460 Luxury,13226,65440,Fair,2023,Lexus,GX 460 Luxury
2023 Lexus GX 460 Base,6498,63975,Fair,2023,Lexus,GX 460 Base
2023 Lexus GX 460 Base,5862,57896,Good,2023,Lexus,GX 460 Base
2023 Lexus GX 460 Luxury,39073,63995,Fair,2023,Lexus,GX 460 Luxury
2023 Lexus GX 460 Base,4681,63497,Good,2023,Lexus,GX 460 Base
2023 Lexus GX 460 Luxury,23274,58295,Good,2023,Lexus,GX 460 Luxury
2023 Lexus GX 460 Base,34693,55299,Fair,2023,Lexus,GX 460 Base
2023 Lexus GX 460 Base,18906,57675,Good,2023,Lexus,GX 460 Base
2023 Lexus GX 460 Base,1038,62465,Good,2023,Lexus,GX 460 Base
2023 Lexus GX 460 Base,19205,62888,Fair,2023,Lexus,GX 460 Base
2023 Lexus GX 460 Base,13131,60000,Good,2023,Lexus,GX 460 Base
2023 Lexus GX 460 Base,9408,54837,Good,2023,Lexus,GX 460 Base
2023 Lexus GX 460 Base,12421,63688,Fair,2023,Lexus,GX 460 Base
2023 Lexus GX 460 Luxury,5533,66777,Good,2023,Lexus,GX 460 Luxury
2023 Lexus GX 460 Luxury,18083,58500,Great,2023,Lexus,GX 460 Luxury
2023 Lexus GX 460 Base,12128,63888,Fair,2023,Lexus,GX 460 Base
2023 Lexus GX 460 Base,27086,54888,Good,2023,Lexus,GX 460 Base
2023 Lexus GX 460 Luxury,19822,62990,Good,2023,Lexus,GX 460 Luxury
2023 Lexus GX 460 Base,11570,60818,Good,2023,Lexus,GX 460 Base
2023 Lexus GX 460 Base,23106,49674,Great,2023,Lexus,GX 460 Base
2023 Lexus GX 460 Base,2185,63899,Fair,2023,Lexus,GX 460 Base
2023 Lexus GX 460 Base,17271,59991,Good,2023,Lexus,GX 460 Base
2023 Lexus GX 460 Premium,10872,54745,Good,2023,Lexus,GX 460 Premium
2023 Lexus GX 460 Luxury,12696,63756,Good,2023,Lexus,GX 460 Luxury
2023 Lexus GX 460 Base,6832,58375,Fair,2023,Lexus,GX 460 Base
2023 Lexus GX 460 Base,2551,57488,Good,2023,Lexus,GX 460 Base
2023 Lexus GX 460 Luxury,7632,71900,Fair,2023,Lexus,GX 460 Luxury
2023 Lexus GX 460 Base,9135,58291,Good,2023,Lexus,GX 460 Base
2023 Lexus GX 460 Luxury,26112,64510,Fair,2023,Lexus,GX 460 Luxury
2023 Lexus GX 460 Base,25512,53500,Fair,2023,Lexus,GX 460 Base
2023 Lexus GX 460 Base,8422,58500,Great,2023,Lexus,GX 460 Base
2023 Lexus GX 460 Base,10747,61300,Fair,2023,Lexus,GX 460 Base
2023 Lexus GX 460 GX 460 Premium,2375,64988,Good,2023,Lexus,GX 460 GX 460 Premium
2023 Lexus GX 460 Base,7273,58300,Good,2023,Lexus,GX 460 Base
2023 Lexus GX 460 Base,4678,58597,Good,2023,Lexus,GX 460 Base
2023 Lexus GX 460 Base,8386,57741,Good,2023,Lexus,GX 460 Base
2023 Lexus GX 460 Base,21439,60888,Fair,2023,Lexus,GX 460 Base
2023 Lexus GX 460 Base,9190,60998,Good,2023,Lexus,GX 460 Base
2023 Lexus GX 460 Luxury,15353,60987,Good,2023,Lexus,GX 460 Luxury
2023 Lexus GX 460 Luxury,10262,60998,Good,2023,Lexus,GX 460 Luxury
2023 Lexus GX 460 Luxury,1984,63408,Good,2023,Lexus,GX 460 Luxury
2023 Lexus GX 460 Luxury,26765,65988,Good,2023,Lexus,GX 460 Luxury
2023 Lexus GX 460 Base,7947,57452,Good,2023,Lexus,GX 460 Base
2023 Lexus GX 460 460,39017,56000,Good,2023,Lexus,GX 460 460
2023 Lexus GX 460 Base,6520,58991,Good,2023,Lexus,GX 460 Base
2023 Lexus GX 460 Base,3684,61998,Good,2023,Lexus,GX 460 Base
2023 Lexus GX 460 Premium,2077,58982,Good,2023,Lexus,GX 460 Premium
2023 Lexus GX 460 Premium,9352,60750,Great,2023,Lexus,GX 460 Premium
2023 Lexus GX 460 Base,4568,62599,Good,2023,Lexus,GX 460 Base
2023 Lexus GX 460 Base,11324,58873,Fair,2023,Lexus,GX 460 Base
2023 Lexus GX 460 Base AWD 4dr SUV,5236,57500,Fair,2023,Lexus,GX 460 Base AWD 4dr SUV
2023 Lexus GX 460 Base,743,59998,Good,2023,Lexus,GX 460 Base
2023 Lexus GX 460 Premium,2265,59900,Good,2023,Lexus,GX 460 Premium
2023 Lexus GX 460 Premium,4340,60900,Good,2023,Lexus,GX 460 Premium
2023 Lexus GX 460 Base,5535,64488,Fair,2023,Lexus,GX 460 Base
2023 Lexus GX 460 Base,38385,57063,Fair,2023,Lexus,GX 460 Base
2023 Lexus GX 460 Base,2184,58998,Good,2023,Lexus,GX 460 Base
2023 Lexus GX 460 Base,2551,61798,Good,2023,Lexus,GX 460 Base
2023 Lexus GX 460 Premium,11662,56983,Fair,2023,Lexus,GX 460 Premium
2023 Lexus GX 460 Base,10421,59977,Good,2023,Lexus,GX 460 Base
2023 Lexus GX 460 Luxury,29350,61750,Fair,2023,Lexus,GX 460 Luxury
2023 Lexus GX 460 Base,17770,60662,Good,2023,Lexus,GX 460 Base
2023 Lexus GX 460 Base,7390,60991,Good,2023,Lexus,GX 460 Base
2023 Lexus GX 460 Base,14763,59998,Good,2023,Lexus,GX 460 Base
2023 Lexus GX 460 Luxury,20986,64662,Good,2023,Lexus,GX 460 Luxury
2023 Lexus GX 460 Base,7106,64998,Fair,2023,Lexus,GX 460 Base
2023 Lexus GX 460 Base,8661,57895,Good,2023,Lexus,GX 460 Base
2023 Lexus GX 460 Base,23317,56977,Good,2023,Lexus,GX 460 Base
2023 Lexus GX 460 Base,7350,58998,Good,2023,Lexus,GX 460 Base
2023 Lexus GX 460 460,13038,57988,Good,2023,Lexus,GX 460 460
2023 Lexus GX 460 Base,14954,61998,Fair,2023,Lexus,GX 460 Base
2023 Lexus GX 460 Luxury,12432,66990,Fair,2023,Lexus,GX 460 Luxury
2023 Lexus GX 460 Luxury,10564,62933,Good,2023,Lexus,GX 460 Luxury
2023 Lexus GX 460 Base,2248,66662,Fair,2023,Lexus,GX 460 Base
2023 Lexus GX 460 Base,9076,58973,Good,2023,Lexus,GX 460 Base
2023 Lexus GX 460 Luxury,15142,66987,Good,2023,Lexus,GX 460 Luxury
2023 Lexus GX 460 GX 460,12718,58799,Good,2023,Lexus,GX 460 GX 460
2023 Lexus GX 460 Base,10861,60662,Good,2023,Lexus,GX 460 Base
2023 Lexus GX 460 Base,28057,54000,Great,2023,Lexus,GX 460 Base
2023 Lexus GX 460 Premium,16713,57977,Good,2023,Lexus,GX 460 Premium
2023 Lexus GX 460,2230,58998,Great,2023,Lexus,GX 460
2023 Lexus GX 460 460,18706,57991,Good,2023,Lexus,GX 460 460
2023 Lexus GX 460 Base,10863,60598,Good,2023,Lexus,GX 460 Base
2023 Lexus GX 460 Luxury,17624,65663,Good,2023,Lexus,GX 460 Luxury
2023 Lexus GX 460 Base,36295,55000,Fair,2023,Lexus,GX 460 Base
2023 Lexus GX 460 Premium,20966,35900,None,2023,Lexus,GX 460 Premium
2023 Lexus GX 460 Base,995,58888,Good,2023,Lexus,GX 460 Base
2023 Lexus GX 460 Base,10,62526,None,2023,Lexus,GX 460 Base
2023 Lexus GX 460 Premium,8000,63000,None,2023,Lexus,GX 460 Premium
2014 Lexus GX 460 460,142108,22500,Good,2014,Lexus,GX 460 460
2014 Lexus GX 460 Base,106988,24988,None,2014,Lexus,GX 460 Base
2014 Lexus GX 460 Base,135218,22988,Fair,2014,Lexus,GX 460 Base
2014 Lexus GX 460 Base,112359,26992,None,2014,Lexus,GX 460 Base
2014 Lexus GX 460 Luxury,123663,24999,Fair,2014,Lexus,GX 460 Luxury
2014 Lexus GX 460 Base,57669,28888,None,2014,Lexus,GX 460 Base
2014 Lexus GX 460 Base,94734,26480,Fair,2014,Lexus,GX 460 Base
2014 Lexus GX 460 460,175163,18999,Fair,2014,Lexus,GX 460 460
2015 Lexus GX 460 Base,109091,26900,Good,2015,Lexus,GX 460 Base
2015 Lexus GX 460 Base,0,23995,None,2015,Lexus,GX 460 Base
2015 Lexus GX 460 460,138400,24995,Fair,2015,Lexus,GX 460 460
2015 Lexus GX 460 Base,100093,26800,Good,2015,Lexus,GX 460 Base
2015 Lexus GX 460 Base,92634,26088,Good,2015,Lexus,GX 460 Base
2015 Lexus GX 460 Base,83107,25899,Good,2015,Lexus,GX 460 Base
2016 Lexus GX 460 Base,75335,28998,None,2016,Lexus,GX 460 Base
2016 Lexus GX 460 Base,100085,24899,Great,2016,Lexus,GX 460 Base
2016 Lexus GX 460 Base,202011,24436,Fair,2016,Lexus,GX 460 Base
2016 Lexus GX 460 Base,65155,28315,Great,2016,Lexus,GX 460 Base
2016 Lexus GX 460 Base,86552,27400,Great,2016,Lexus,GX 460 Base
2016 Lexus GX 460 Base,98856,34995,Fair,2016,Lexus,GX 460 Base
2016 Lexus GX 460 Base,139581,24900,Fair,2016,Lexus,GX 460 Base
2017 Lexus GX 460 Base,106667,27961,Good,2017,Lexus,GX 460 Base
2017 Lexus GX 460 Luxury,136228,26500,Good,2017,Lexus,GX 460 Luxury
2017 Lexus GX 460 Base,64714,30760,Good,2017,Lexus,GX 460 Base
2017 Lexus GX 460 Base,91510,29995,Good,2017,Lexus,GX 460 Base
2017 Lexus GX 460 Base,0,32060,None,2017,Lexus,GX 460 Base
2017 Lexus GX 460 Base,101966,27474,None,2017,Lexus,GX 460 Base
2017 Lexus GX 460 460,89583,28455,Good,2017,Lexus,GX 460 460
2018 Lexus GX 460 460,70062,32288,Good,2018,Lexus,GX 460 460
2018 Lexus GX 460 Base,70987,32000,Good,2018,Lexus,GX 460 Base
2018 Lexus GX 460 Luxury,86033,32999,Good,2018,Lexus,GX 460 Luxury
2018 Lexus GX 460 GX 460,77861,32995,Good,2018,Lexus,GX 460 GX 460
2018 Lexus GX 460 Base,85401,30595,Good,2018,Lexus,GX 460 Base
2018 Lexus GX 460 Base,25348,38998,None,2018,Lexus,GX 460 Base
2018 Lexus GX 460 Base,95249,29975,Good,2018,Lexus,GX 460 Base
2018 Lexus GX 460 Luxury,93971,34916,None,2018,Lexus,GX 460 Luxury
2018 Lexus GX 460 Base,106602,27331,Great,2018,Lexus,GX 460 Base
2018 Lexus GX 460 Luxury,106680,31991,Good,2018,Lexus,GX 460 Luxury
2018 Lexus GX 460 Base,90816,30990,None,2018,Lexus,GX 460 Base
2018 Lexus GX 460 Base,108177,30995,Good,2018,Lexus,GX 460 Base
2018 Lexus GX 460 Base,44733,34289,None,2018,Lexus,GX 460 Base
2019 Lexus GX 460 Base,58900,33966,None,2019,Lexus,GX 460 Base
2019 Lexus GX 460 Base,66965,36415,Good,2019,Lexus,GX 460 Base
2019 Lexus GX 460 Luxury,31723,47995,Fair,2019,Lexus,GX 460 Luxury
2019 Lexus GX 460 Base,72288,33995,Good,2019,Lexus,GX 460 Base
2019 Lexus GX 460 Base,99550,36162,None,2019,Lexus,GX 460 Base
2019 Lexus GX 460 Base,61493,36999,Good,2019,Lexus,GX 460 Base
2019 Lexus GX 460 Base,42114,41788,Good,2019,Lexus,GX 460 Base
2019 Lexus GX 460 Base,46056,38310,Good,2019,Lexus,GX 460 Base
2019 Lexus GX 460 Base,57496,36500,Good,2019,Lexus,GX 460 Base
2019 Lexus GX 460,25323,43590,Good,2019,Lexus,GX 460
2019 Lexus GX 460 Premium,57134,35480,Good,2019,Lexus,GX 460 Premium
2019 Lexus GX 460 Premium,81510,31600,Good,2019,Lexus,GX 460 Premium
2019 Lexus GX 460 Base,52632,38000,Good,2019,Lexus,GX 460 Base
2019 Lexus GX 460 Base,35742,38998,None,2019,Lexus,GX 460 Base
2020 Lexus GX 460 Base,31646,43997,Fair,2020,Lexus,GX 460 Base
2020 Lexus GX 460 Base,75552,34896,Good,2020,Lexus,GX 460 Base
2020 Lexus GX 460 Base,119975,38995,Fair,2020,Lexus,GX 460 Base
2020 Lexus GX 460 Premium,45523,45950,Good,2020,Lexus,GX 460 Premium
2020 Lexus GX 460 Base,28427,40000,Good,2020,Lexus,GX 460 Base
2020 Lexus GX 460 Base,39431,38991,None,2020,Lexus,GX 460 Base
2020 Lexus GX 460 Base,49674,38241,Good,2020,Lexus,GX 460 Base
2020 Lexus GX 460 Base,36524,42777,Good,2020,Lexus,GX 460 Base
2020 Lexus GX 460 Premium,43653,40997,Good,2020,Lexus,GX 460 Premium
2020 Lexus GX 460 Luxury,45326,46032,Good,2020,Lexus,GX 460 Luxury
2020 Lexus GX 460 Base,73715,39311,Good,2020,Lexus,GX 460 Base
2021 Lexus GX 460 Base,26590,49983,Good,2021,Lexus,GX 460 Base
2021 Lexus GX 460 Base,34266,41962,Good,2021,Lexus,GX 460 Base
2021 Lexus GX 460 Base,27123,48981,Good,2021,Lexus,GX 460 Base
2021 Lexus GX 460 Luxury,15358,57985,Fair,2021,Lexus,GX 460 Luxury
2021 Lexus GX 460 Base,21328,47932,Good,2021,Lexus,GX 460 Base
2021 Lexus GX 460 Premium,45985,42000,None,2021,Lexus,GX 460 Premium
2021 Lexus GX 460 Base,50417,41995,Good,2021,Lexus,GX 460 Base
2021 Lexus GX 460 Base,33206,48999,Good,2021,Lexus,GX 460 Base
2021 Lexus GX 460 Base,30807,48995,Good,2021,Lexus,GX 460 Base
2021 Lexus GX 460 Base,36414,45000,Good,2021,Lexus,GX 460 Base
2021 Lexus GX 460 Base,48000,38792,Great,2021,Lexus,GX 460 Base
2021 Lexus GX 460 Base,20673,50993,Fair,2021,Lexus,GX 460 Base
2021 Lexus GX 460 Base,26671,44991,None,2021,Lexus,GX 460 Base
2021 Lexus GX 460 Base,25967,48598,Good,2021,Lexus,GX 460 Base
2021 Lexus GX 460 Base,38941,49425,Good,2021,Lexus,GX 460 Base
2021 Lexus GX 460 Base,48929,43841,Good,2021,Lexus,GX 460 Base
2021 Lexus GX 460 Base,41924,38281,Great,2021,Lexus,GX 460 Base
2021 Lexus GX 460 Base,62901,44993,Fair,2021,Lexus,GX 460 Base
2021 Lexus GX 460 Premium,24528,46997,Good,2021,Lexus,GX 460 Premium
2021 Lexus GX 460 Base,33040,42428,Good,2021,Lexus,GX 460 Base
2021 Lexus GX 460 Base,17938,46995,Good,2021,Lexus,GX 460 Base
2021 Lexus GX 460 Base,26995,48100,Good,2021,Lexus,GX 460 Base
2021 Lexus GX 460 Base,32288,45999,Good,2021,Lexus,GX 460 Base
2021 Lexus GX 460 Base,24610,40763,Great,2021,Lexus,GX 460 Base
2021 Lexus GX 460,45752,46894,Good,2021,Lexus,GX 460
2021 Lexus GX 460 Base,41895,43998,None,2021,Lexus,GX 460 Base
2021 Lexus GX 460 Premium,28187,45800,Good,2021,Lexus,GX 460 Premium
2021 Lexus GX 460 Base,30503,41779,Great,2021,Lexus,GX 460 Base
2021 Lexus GX 460 Base,38947,47997,Fair,2021,Lexus,GX 460 Base
2021 Lexus GX 460,41260,48590,Good,2021,Lexus,GX 460
2021 Lexus GX 460 Premium,36566,44997,Good,2021,Lexus,GX 460 Premium
2021 Lexus GX 460 Base,34952,42904,Good,2021,Lexus,GX 460 Base
2021 Lexus GX 460 Base,21847,44499,Great,2021,Lexus,GX 460 Base
2021 Lexus GX 460 Base,28685,41703,Great,2021,Lexus,GX 460 Base
2021 Lexus GX 460 Base,33210,47700,Good,2021,Lexus,GX 460 Base
2021 Lexus GX 460 Premium,31290,46900,Good,2021,Lexus,GX 460 Premium
2021 Lexus GX 460 Base,19406,50993,Fair,2021,Lexus,GX 460 Base
2022 Lexus GX 460 Base,34784,52495,Good,2022,Lexus,GX 460 Base
2022 Lexus GX 460 Premium,34428,54501,Good,2022,Lexus,GX 460 Premium
2022 Lexus GX 460 Base,22568,52995,Good,2022,Lexus,GX 460 Base
2022 Lexus GX 460 Base,25890,52565,None,2022,Lexus,GX 460 Base
2022 Lexus GX 460,44904,51995,None,2022,Lexus,GX 460
2022 Lexus GX 460 Premium,33342,51888,Fair,2022,Lexus,GX 460 Premium
2022 Lexus GX 460 Base,61358,48997,None,2022,Lexus,GX 460 Base
2022 Lexus GX 460 Base,27918,53866,Good,2022,Lexus,GX 460 Base
2022 Lexus GX 460,48863,49000,None,2022,Lexus,GX 460
2022 Lexus GX 460 Base,20871,54924,Fair,2022,Lexus,GX 460 Base
2022 Lexus GX 460 Base,12182,54899,Good,2022,Lexus,GX 460 Base
2022 Lexus GX 460 Base,48737,44998,None,2022,Lexus,GX 460 Base
2023 Lexus GX 460 Premium,23766,55467,Good,2023,Lexus,GX 460 Premium
2023 Lexus GX 460 Base,5,65390,None,2023,Lexus,GX 460 Base
2023 Lexus GX 460 Base,43989,53994,Fair,2023,Lexus,GX 460 Base
2023 Lexus GX 460 Base,5,63855,None,2023,Lexus,GX 460 Base
2023 Lexus GX 460 Base,12280,62669,None,2023,Lexus,GX 460 Base
2023 Lexus GX 460 Luxury,10,64987,None,2023,Lexus,GX 460 Luxury
2023 Lexus GX 460 Base,5,65662,None,2023,Lexus,GX 460 Base
2023 Lexus GX 460 Base,22601,57386,Good,2023,Lexus,GX 460 Base
2023 Lexus GX 460 Base,6405,59988,None,2023,Lexus,GX 460 Base
2023 Lexus GX 460 Base,8440,63990,Fair,2023,Lexus,GX 460 Base
2023 Lexus GX 460 Base,30139,55990,Good,2023,Lexus,GX 460 Base
2023 Lexus GX 460 Base,1924,61297,Good,2023,Lexus,GX 460 Base
2023 Lexus GX 460 Luxury,5704,68000,None,2023,Lexus,GX 460 Luxury
2023 Lexus GX 460 Base,17677,60998,None,2023,Lexus,GX 460 Base
2023 Lexus GX 460 Base,33576,55366,Good,2023,Lexus,GX 460 Base
2023 Lexus GX 460 Base,4978,59000,None,2023,Lexus,GX 460 Base
2023 Lexus GX 460 Base,3880,63975,None,2023,Lexus,GX 460 Base
2023 Lexus GX 460 Base,5,62630,None,2023,Lexus,GX 460 Base
2023 Lexus GX 460 Base,6401,59999,Good,2023,Lexus,GX 460 Base
2023 Lexus GX 460 Base,9074,58500,Fair,2023,Lexus,GX 460 Base
2023 Lexus GX 460 Base,2604,60344,None,2023,Lexus,GX 460 Base
2023 Lexus GX 460 Luxury,11211,62856,None,2023,Lexus,GX 460 Luxury
2023 Lexus GX 460 Luxury,48835,59488,Fair,2023,Lexus,GX 460 Luxury
2023 Lexus GX 460 Luxury,13373,62667,Good,2023,Lexus,GX 460 Luxury
2023 Lexus GX 460 Base,24314,55891,Great,2023,Lexus,GX 460 Base
2023 Lexus GX 460 Base,25028,57119,Good,2023,Lexus,GX 460 Base
2023 Lexus GX 460 Base,2243,60985,Good,2023,Lexus,GX 460 Base
2023 Lexus GX 460 Base,142,64995,None,2023,Lexus,GX 460 Base
2023 Lexus GX 460,13470,59500,Good,2023,Lexus,GX 460
